date,city,channel,orders_count,unique_customers,items_sold,gross_revenue_eur,refunds_eur,net_revenue_eur
2025-03-01,Bordeaux,web,8,"C0222, C0307, C0480","SKU031 : 5 x 7.50€, SKU029 : 5 x 9.90€, SKU029 : 2 x 8.00€, SKU029 : 4 x 7.50€, SKU029 : 4 x 4.00€, SKU038 : 4 x 9.90€, SKU010 : 2 x 8.00€, SKU016 : 4 x 24.90€",304.20,-91.11,213.09
2025-03-01,Lille,app,12,C0511,"SKU014 : 3 x 2.50€, SKU014 : 3 x 2.50€, SKU047 : 1 x 4.00€, SKU025 : 4 x 12.50€, SKU026 : 3 x 2.50€, SKU047 : 1 x 4.00€, SKU047 : 1 x 4.00€, SKU025 : 4 x 12.50€, SKU025 : 4 x 12.50€, SKU026 : 3 x 2.50€, SKU026 : 3 x 2.50€, SKU014 : 3 x 2.50€",207.00,-154.04,52.96
2025-03-01,Lille,web,18,"C0017, C0111, C0149, C0192, C0351, C0676, C0704, C0736","SKU001 : 5 x 8.00€, SKU034 : 2 x 5.00€, SKU037 : 2 x 5.00€, SKU028 : 1 x 12.50€, SKU016 : 1 x 7.50€, SKU047 : 3 x 24.90€, SKU047 : 3 x 24.90€, SKU030 : 1 x 2.50€, SKU009 : 4 x 12.50€, SKU005 : 2 x 24.90€, SKU042 : 4 x 7.50€, SKU042 : 4 x 7.50€, SKU039 : 1 x 9.90€, SKU011 : 4 x 15.00€, SKU010 : 1 x 9.90€, SKU037 : 4 x 15.00€, SKU050 : 2 x 9.90€, SKU007 : 1 x 19.90€",571.20,-157.32,413.88
2025-03-01,Lyon,app,4,C0561,"SKU017 : 5 x 2.50€, SKU030 : 5 x 4.00€, SKU013 : 2 x 8.00€, SKU044 : 4 x 15.00€",108.50,-31.88,76.62
2025-03-01,Lyon,web,6,"C0137, C0349","SKU022 : 1 x 19.90€, SKU011 : 2 x 24.90€, SKU016 : 1 x 5.00€, SKU035 : 2 x 7.50€, SKU013 : 1 x 19.90€, SKU044 : 5 x 5.00€",134.60,-77.34,57.26
2025-03-01,Marseille,app,3,C0135,"SKU030 : 5 x 24.90€, SKU016 : 1 x 19.90€, SKU025 : 2 x 19.90€",184.20,-40.53,143.67
2025-03-01,Nantes,app,2,"C0614, C0785","SKU023 : 1 x 5.00€, SKU024 : 4 x 7.50€",35.00,-16.27,18.73
2025-03-01,Nantes,web,2,"C0153, C0228","SKU018 : 5 x 8.00€, SKU004 : 3 x 19.90€",99.70,-9.63,90.07
2025-03-01,Nice,app,10,"C0329, C0777","SKU043 : 1 x 9.90€, SKU044 : 3 x 7.50€, SKU029 : 2 x 5.00€, SKU008 : 3 x 15.00€, SKU008 : 3 x 15.00€, SKU029 : 2 x 5.00€, SKU001 : 4 x 7.50€, SKU001 : 4 x 7.50€, SKU011 : 2 x 4.00€, SKU011 : 2 x 4.00€",218.40,-65.14,153.26
2025-03-01,Nice,web,2,C0571,"SKU001 : 1 x 2.50€, SKU001 : 1 x 2.50€",5.00,-25.56,-20.56
2025-03-01,Paris,app,8,"C0308, C0317","SKU038 : 2 x 4.00€, SKU022 : 3 x 24.90€, SKU021 : 2 x 12.50€, SKU001 : 1 x 2.50€, SKU011 : 5 x 2.50€, SKU010 : 5 x 5.00€, SKU039 : 2 x 15.00€, SKU001 : 3 x 8.00€",201.70,-29.16,172.54
2025-03-01,Paris,web,7,"C0045, C0116","SKU021 : 1 x 15.00€, SKU003 : 2 x 24.90€, SKU003 : 2 x 24.90€, SKU021 : 1 x 15.00€, SKU023 : 2 x 15.00€, SKU032 : 1 x 4.00€, SKU038 : 4 x 4.00€",179.60,-86.26,93.34
2025-03-01,Toulouse,app,9,"C0008, C0340, C0472","SKU020 : 3 x 24.90€, SKU038 : 1 x 5.00€, SKU042 : 3 x 7.50€, SKU006 : 3 x 24.90€, SKU048 : 1 x 2.50€, SKU016 : 3 x 7.50€, SKU016 : 3 x 7.50€, SKU016 : 3 x 7.50€, SKU016 : 3 x 7.50€",269.40,-134.32,135.08
2025-03-01,Toulouse,web,3,C0698,"SKU026 : 5 x 7.50€, SKU048 : 1 x 12.50€, SKU006 : 3 x 12.50€",87.50,-25.08,62.42
2025-03-02,Bordeaux,web,4,"C0010, C0750","SKU037 : 1 x 4.00€, SKU036 : 3 x 12.50€, SKU008 : 1 x 7.50€, SKU001 : 1 x 7.50€",56.50,-45.15,11.35
2025-03-02,Lille,app,2,C0631,"SKU013 : 2 x 8.00€, SKU005 : 5 x 2.50€",28.50,-9.74,18.76
2025-03-02,Lille,web,3,C0306,"SKU004 : 2 x 19.90€, SKU035 : 3 x 8.00€, SKU020 : 2 x 12.50€",88.80,-29.49,59.31
2025-03-02,Lyon,app,1,C0130,SKU037 : 1 x 15.00€,15.00,-13.22,1.78
2025-03-02,Marseille,app,4,C0673,"SKU031 : 2 x 9.90€, SKU047 : 5 x 15.00€, SKU036 : 1 x 5.00€, SKU012 : 1 x 8.00€",107.80,-48.88,58.92
2025-03-02,Marseille,web,3,C0135,"SKU024 : 5 x 4.00€, SKU045 : 5 x 4.00€, SKU039 : 2 x 7.50€",55.00,-12.69,42.31
2025-03-02,Nantes,app,12,"C0158, C0225, C0461","SKU022 : 3 x 15.00€, SKU034 : 2 x 24.90€, SKU049 : 1 x 4.00€, SKU003 : 2 x 15.00€, SKU015 : 1 x 7.50€, SKU014 : 1 x 12.50€, SKU014 : 1 x 12.50€, SKU007 : 4 x 9.90€, SKU007 : 4 x 9.90€, SKU027 : 2 x 15.00€, SKU027 : 2 x 15.00€, SKU015 : 1 x 7.50€",308.00,-112.20,195.80
2025-03-02,Nantes,web,2,C0310,"SKU030 : 4 x 4.00€, SKU042 : 4 x 9.90€",55.60,-27.38,28.22
2025-03-02,Nice,web,2,C0749,"SKU040 : 3 x 19.90€, SKU024 : 4 x 19.90€",139.30,-32.76,106.54
2025-03-02,Paris,app,3,C0476,"SKU027 : 5 x 9.90€, SKU013 : 4 x 19.90€, SKU047 : 3 x 2.50€",136.60,-26.16,110.44
2025-03-02,Paris,web,2,C0216,"SKU028 : 1 x 5.00€, SKU019 : 4 x 8.00€",37.00,-4.32,32.68
2025-03-02,Toulouse,app,8,"C0257, C0506, C0509","SKU049 : 3 x 12.50€, SKU049 : 3 x 12.50€, SKU040 : 3 x 15.00€, SKU040 : 3 x 15.00€, SKU039 : 3 x 9.90€, SKU003 : 4 x 12.50€, SKU046 : 3 x 12.50€, SKU013 : 2 x 15.00€",312.20,-72.13,240.07
2025-03-02,Toulouse,web,6,"C0089, C0694","SKU032 : 2 x 2.50€, SKU022 : 5 x 19.90€, SKU023 : 4 x 4.00€, SKU031 : 5 x 7.50€, SKU005 : 5 x 9.90€, SKU017 : 4 x 9.90€",247.10,-50.22,196.88
2025-03-03,Bordeaux,app,6,"C0094, C0475","SKU026 : 1 x 7.50€, SKU033 : 2 x 5.00€, SKU015 : 3 x 8.00€, SKU025 : 4 x 7.50€, SKU034 : 1 x 19.90€, SKU011 : 2 x 15.00€",121.40,-91.40,30.00
2025-03-03,Bordeaux,web,2,C0176,"SKU015 : 2 x 12.50€, SKU028 : 3 x 8.00€",49.00,-14.48,34.52
2025-03-03,Lille,app,5,"C0204, C0420","SKU022 : 1 x 4.00€, SKU019 : 4 x 15.00€, SKU017 : 1 x 4.00€, SKU022 : 3 x 15.00€, SKU048 : 2 x 15.00€",143.00,-40.66,102.34
2025-03-03,Lille,web,10,"C0056, C0131, C0575, C0730","SKU045 : 1 x 4.00€, SKU006 : 3 x 15.00€, SKU036 : 4 x 5.00€, SKU007 : 3 x 15.00€, SKU033 : 2 x 12.50€, SKU033 : 2 x 19.90€, SKU004 : 1 x 7.50€, SKU010 : 5 x 7.50€, SKU044 : 2 x 9.90€, SKU044 : 2 x 9.90€",263.40,-125.84,137.56
2025-03-03,Lyon,app,3,"C0117, C0263","SKU026 : 1 x 5.00€, SKU013 : 5 x 15.00€, SKU003 : 4 x 8.00€",112.00,-29.32,82.68
2025-03-03,Lyon,web,4,C0368,"SKU008 : 2 x 8.00€, SKU010 : 2 x 4.00€, SKU010 : 2 x 4.00€, SKU008 : 2 x 8.00€",48.00,-56.04,-8.04
2025-03-03,Marseille,app,3,C0644,"SKU031 : 2 x 5.00€, SKU013 : 1 x 15.00€, SKU029 : 3 x 4.00€",37.00,-10.98,26.02
2025-03-03,Marseille,web,4,C0692,"SKU024 : 1 x 2.50€, SKU011 : 3 x 9.90€, SKU028 : 5 x 19.90€, SKU008 : 3 x 19.90€",191.40,-34.96,156.44
2025-03-03,Nantes,app,2,C0339,"SKU021 : 2 x 15.00€, SKU021 : 2 x 15.00€",60.00,-28.04,31.96
2025-03-03,Nantes,web,1,C0309,SKU002 : 3 x 5.00€,15.00,-9.57,5.43
2025-03-03,Nice,web,3,C0251,"SKU020 : 2 x 7.50€, SKU017 : 5 x 9.90€, SKU022 : 1 x 9.90€",74.40,-47.07,27.33
2025-03-03,Paris,app,3,C0203,"SKU001 : 3 x 8.00€, SKU023 : 1 x 15.00€, SKU038 : 5 x 7.50€",76.50,-45.96,30.54
2025-03-03,Paris,web,4,C0451,"SKU005 : 4 x 4.00€, SKU028 : 3 x 9.90€, SKU015 : 1 x 9.90€, SKU038 : 5 x 5.00€",80.60,-60.20,20.40
2025-03-03,Toulouse,app,3,C0039,"SKU020 : 3 x 24.90€, SKU001 : 4 x 24.90€, SKU025 : 3 x 4.00€",186.30,-40.14,146.16
2025-03-04,Bordeaux,app,3,"C0101, C0410","SKU012 : 2 x 7.50€, SKU029 : 1 x 4.00€, SKU029 : 5 x 19.90€",118.50,-13.33,105.17
2025-03-04,Bordeaux,web,4,"C0084, C0564","SKU019 : 4 x 15.00€, SKU016 : 3 x 2.50€, SKU016 : 2 x 4.00€, SKU006 : 3 x 15.00€",120.50,-19.36,101.14
2025-03-04,Lille,app,11,"C0131, C0432, C0652","SKU048 : 1 x 7.50€, SKU029 : 3 x 7.50€, SKU041 : 4 x 8.00€, SKU029 : 3 x 7.50€, SKU041 : 4 x 8.00€, SKU048 : 1 x 7.50€, SKU023 : 5 x 15.00€, SKU019 : 5 x 24.90€, SKU019 : 5 x 24.90€, SKU023 : 5 x 15.00€, SKU028 : 4 x 2.50€",533.00,-144.24,388.76
2025-03-04,Lille,web,10,"C0255, C0351, C0630","SKU037 : 1 x 2.50€, SKU037 : 1 x 2.50€, SKU047 : 1 x 4.00€, SKU047 : 1 x 24.90€, SKU012 : 1 x 7.50€, SKU044 : 5 x 12.50€, SKU019 : 3 x 2.50€, SKU034 : 4 x 9.90€, SKU029 : 2 x 19.90€, SKU032 : 1 x 4.00€",194.80,-109.74,85.06
2025-03-04,Lyon,app,4,"C0186, C0457","SKU041 : 2 x 5.00€, SKU049 : 4 x 8.00€, SKU036 : 3 x 19.90€, SKU024 : 1 x 19.90€",121.60,-12.86,108.74
2025-03-04,Marseille,web,10,"C0468, C0610, C0637","SKU007 : 2 x 12.50€, SKU021 : 4 x 2.50€, SKU040 : 1 x 5.00€, SKU008 : 2 x 15.00€, SKU047 : 3 x 19.90€, SKU036 : 2 x 9.90€, SKU002 : 4 x 12.50€, SKU045 : 1 x 4.00€, SKU046 : 1 x 8.00€, SKU032 : 3 x 7.50€",234.00,-137.05,96.95
2025-03-04,Nantes,web,2,"C0153, C0533","SKU027 : 1 x 2.50€, SKU019 : 1 x 8.00€",10.50,-17.32,-6.82
2025-03-04,Nice,app,6,"C0385, C0499","SKU002 : 5 x 4.00€, SKU027 : 5 x 19.90€, SKU027 : 5 x 19.90€, SKU002 : 5 x 4.00€, SKU050 : 2 x 15.00€, SKU001 : 1 x 8.00€",277.00,-71.82,205.18
2025-03-04,Nice,web,7,"C0325, C0529","SKU040 : 2 x 5.00€, SKU016 : 4 x 15.00€, SKU033 : 3 x 24.90€, SKU042 : 2 x 19.90€, SKU027 : 5 x 2.50€, SKU038 : 1 x 15.00€, SKU028 : 4 x 4.00€",228.00,-19.84,208.16
2025-03-04,Paris,web,13,"C0045, C0140, C0264","SKU041 : 5 x 19.90€, SKU037 : 1 x 19.90€, SKU016 : 3 x 19.90€, SKU022 : 3 x 7.50€, SKU024 : 1 x 2.50€, SKU030 : 2 x 4.00€, SKU026 : 4 x 12.50€, SKU026 : 4 x 12.50€, SKU030 : 2 x 4.00€, SKU034 : 4 x 2.50€, SKU034 : 4 x 2.50€, SKU007 : 2 x 15.00€, SKU007 : 2 x 15.00€",400.10,-133.61,266.49
2025-03-04,Toulouse,app,1,C0771,SKU009 : 2 x 15.00€,30.00,-10.30,19.70
2025-03-04,Toulouse,web,1,C0460,SKU049 : 5 x 2.50€,12.50,-12.07,0.43
2025-03-05,Bordeaux,app,2,C0044,"SKU046 : 4 x 24.90€, SKU046 : 4 x 24.90€",199.20,-26.42,172.78
2025-03-05,Bordeaux,web,9,"C0133, C0504, C0558","SKU013 : 3 x 2.50€, SKU014 : 3 x 9.90€, SKU013 : 3 x 2.50€, SKU014 : 3 x 9.90€, SKU035 : 3 x 8.00€, SKU046 : 2 x 15.00€, SKU027 : 3 x 19.90€, SKU011 : 3 x 15.00€, SKU049 : 1 x 24.90€",258.00,-60.11,197.89
2025-03-05,Lille,app,8,"C0126, C0595, C0765","SKU047 : 5 x 7.50€, SKU040 : 5 x 7.50€, SKU040 : 5 x 7.50€, SKU040 : 4 x 19.90€, SKU040 : 4 x 19.90€, SKU039 : 5 x 9.90€, SKU038 : 1 x 5.00€, SKU044 : 4 x 9.90€",365.80,-99.72,266.08
2025-03-05,Lille,web,8,"C0388, C0543, C0545","SKU037 : 4 x 2.50€, SKU037 : 4 x 2.50€, SKU037 : 4 x 2.50€, SKU037 : 4 x 2.50€, SKU009 : 3 x 12.50€, SKU034 : 1 x 4.00€, SKU039 : 1 x 19.90€, SKU050 : 5 x 24.90€",225.90,-64.45,161.45
2025-03-05,Lyon,app,8,"C0266, C0561","SKU017 : 2 x 9.90€, SKU017 : 2 x 9.90€, SKU005 : 1 x 4.00€, SKU015 : 4 x 4.00€, SKU031 : 3 x 8.00€, SKU031 : 3 x 8.00€, SKU005 : 1 x 4.00€, SKU015 : 4 x 4.00€",127.60,-84.97,42.63
2025-03-05,Marseille,app,17,"C0059, C0141, C0347, C0598","SKU027 : 4 x 24.90€, SKU013 : 1 x 4.00€, SKU004 : 5 x 7.50€, SKU050 : 5 x 9.90€, SKU021 : 4 x 19.90€, SKU021 : 4 x 19.90€, SKU007 : 4 x 12.50€, SKU007 : 4 x 12.50€, SKU050 : 5 x 9.90€, SKU004 : 5 x 7.50€, SKU006 : 1 x 4.00€, SKU006 : 1 x 4.00€, SKU006 : 1 x 4.00€, SKU015 : 2 x 5.00€, SKU006 : 3 x 4.00€, SKU023 : 2 x 24.90€, SKU043 : 3 x 7.50€",643.10,-192.53,450.57
2025-03-05,Nantes,app,2,C0785,"SKU005 : 1 x 15.00€, SKU005 : 1 x 15.00€",30.00,-35.21,-5.21
2025-03-05,Nantes,web,4,"C0259, C0622","SKU002 : 2 x 7.50€, SKU024 : 4 x 5.00€, SKU034 : 4 x 2.50€, SKU034 : 4 x 2.50€",55.00,-45.46,9.54
2025-03-05,Nice,web,6,C0389,"SKU032 : 2 x 9.90€, SKU032 : 2 x 9.90€, SKU046 : 5 x 12.50€, SKU046 : 5 x 12.50€, SKU050 : 3 x 4.00€, SKU050 : 3 x 4.00€",188.60,-84.90,103.70
2025-03-05,Paris,app,8,"C0294, C0408","SKU040 : 3 x 5.00€, SKU019 : 4 x 2.50€, SKU046 : 2 x 15.00€, SKU039 : 3 x 24.90€, SKU048 : 1 x 15.00€, SKU027 : 3 x 8.00€, SKU027 : 3 x 8.00€, SKU048 : 1 x 15.00€",207.70,-62.40,145.30
2025-03-05,Paris,web,4,"C0348, C0548, C0713","SKU023 : 3 x 4.00€, SKU022 : 1 x 24.90€, SKU012 : 2 x 12.50€, SKU023 : 3 x 4.00€",73.90,-49.60,24.30
2025-03-05,Toulouse,app,7,"C0268, C0668","SKU019 : 1 x 8.00€, SKU003 : 5 x 4.00€, SKU003 : 5 x 4.00€, SKU004 : 2 x 7.50€, SKU004 : 2 x 7.50€, SKU004 : 2 x 7.50€, SKU003 : 5 x 4.00€",113.00,-84.47,28.53
2025-03-05,Toulouse,web,9,"C0030, C0520","SKU022 : 3 x 5.00€, SKU038 : 5 x 2.50€, SKU044 : 3 x 7.50€, SKU008 : 3 x 2.50€, SKU008 : 3 x 2.50€, SKU008 : 3 x 2.50€, SKU018 : 3 x 24.90€, SKU018 : 3 x 24.90€, SKU018 : 3 x 24.90€",296.60,-100.82,195.78
2025-03-06,Bordeaux,app,1,C0094,SKU003 : 2 x 9.90€,19.80,-15.96,3.84
2025-03-06,Bordeaux,web,14,"C0095, C0424, C0695","SKU008 : 4 x 5.00€, SKU008 : 4 x 5.00€, SKU034 : 1 x 2.50€, SKU038 : 2 x 9.90€, SKU021 : 4 x 24.90€, SKU021 : 4 x 24.90€, SKU038 : 2 x 9.90€, SKU034 : 1 x 2.50€, SKU015 : 1 x 8.00€, SKU015 : 1 x 8.00€, SKU043 : 4 x 15.00€, SKU043 : 4 x 15.00€, SKU034 : 1 x 7.50€, SKU034 : 1 x 7.50€",434.80,-197.98,236.82
2025-03-06,Lille,web,4,"C0111, C0437","SKU038 : 3 x 7.50€, SKU047 : 1 x 24.90€, SKU026 : 3 x 7.50€, SKU043 : 3 x 2.50€",77.40,-57.75,19.65
2025-03-06,Lyon,app,3,C0247,"SKU031 : 5 x 5.00€, SKU020 : 4 x 4.00€, SKU014 : 5 x 2.50€",53.50,-13.80,39.70
2025-03-06,Lyon,web,4,C0527,"SKU010 : 5 x 19.90€, SKU022 : 4 x 2.50€, SKU003 : 3 x 7.50€, SKU009 : 4 x 2.50€",142.00,-7.16,134.84
2025-03-06,Marseille,app,1,C0337,SKU013 : 5 x 7.50€,37.50,-8.57,28.93
2025-03-06,Nantes,app,2,C0505,"SKU021 : 2 x 4.00€, SKU023 : 5 x 19.90€",107.50,-11.30,96.20
2025-03-06,Nantes,web,4,C0391,"SKU008 : 2 x 7.50€, SKU021 : 5 x 7.50€, SKU012 : 1 x 8.00€, SKU004 : 1 x 4.00€",64.50,-64.00,0.50
2025-03-06,Paris,web,4,C0243,"SKU042 : 2 x 8.00€, SKU003 : 1 x 9.90€, SKU049 : 1 x 24.90€, SKU015 : 4 x 15.00€",110.80,-76.36,34.44
2025-03-06,Toulouse,app,14,"C0292, C0431, C0697","SKU007 : 4 x 15.00€, SKU007 : 4 x 15.00€, SKU007 : 5 x 9.90€, SKU007 : 5 x 9.90€, SKU005 : 5 x 4.00€, SKU005 : 5 x 4.00€, SKU047 : 2 x 7.50€, SKU020 : 3 x 4.00€, SKU002 : 5 x 7.50€, SKU048 : 1 x 12.50€, SKU009 : 3 x 9.90€, SKU005 : 1 x 9.90€, SKU011 : 5 x 2.50€, SKU018 : 4 x 9.90€",427.70,-188.62,239.08
2025-03-07,Bordeaux,app,20,"C0152, C0219, C0307, C0445","SKU038 : 5 x 24.90€, SKU038 : 5 x 24.90€, SKU039 : 4 x 4.00€, SKU039 : 4 x 4.00€, SKU017 : 5 x 8.00€, SKU017 : 5 x 8.00€, SKU001 : 5 x 4.00€, SKU018 : 5 x 8.00€, SKU022 : 4 x 8.00€, SKU005 : 5 x 12.50€, SKU038 : 5 x 8.00€, SKU038 : 5 x 8.00€, SKU048 : 5 x 4.00€, SKU048 : 5 x 4.00€, SKU044 : 5 x 19.90€, SKU044 : 5 x 19.90€, SKU046 : 2 x 2.50€, SKU046 : 2 x 2.50€, SKU003 : 1 x 4.00€, SKU012 : 4 x 7.50€",878.50,-165.77,712.73
2025-03-07,Bordeaux,web,8,"C0044, C0352, C0528","SKU049 : 4 x 12.50€, SKU049 : 4 x 12.50€, SKU009 : 5 x 19.90€, SKU026 : 5 x 12.50€, SKU021 : 4 x 8.00€, SKU049 : 4 x 24.90€, SKU030 : 2 x 15.00€, SKU008 : 4 x 5.00€",443.60,-79.32,364.28
2025-03-07,Lille,app,15,"C0306, C0717, C0730","SKU008 : 2 x 2.50€, SKU017 : 4 x 24.90€, SKU028 : 2 x 2.50€, SKU019 : 5 x 12.50€, SKU037 : 4 x 9.90€, SKU021 : 3 x 12.50€, SKU035 : 5 x 12.50€, SKU004 : 2 x 5.00€, SKU011 : 5 x 12.50€, SKU011 : 5 x 12.50€, SKU045 : 4 x 9.90€, SKU045 : 4 x 9.90€, SKU004 : 2 x 24.90€, SKU004 : 2 x 24.90€, SKU004 : 2 x 5.00€",635.50,-161.76,473.74
2025-03-07,Lille,web,17,"C0056, C0063, C0271, C0775","SKU029 : 5 x 7.50€, SKU029 : 5 x 7.50€, SKU030 : 4 x 5.00€, SKU046 : 2 x 8.00€, SKU046 : 2 x 8.00€, SKU030 : 4 x 5.00€, SKU049 : 3 x 19.90€, SKU025 : 3 x 8.00€, SKU023 : 4 x 2.50€, SKU010 : 4 x 5.00€, SKU033 : 4 x 2.50€, SKU025 : 3 x 5.00€, SKU017 : 1 x 15.00€, SKU036 : 4 x 9.90€, SKU041 : 3 x 12.50€, SKU020 : 5 x 5.00€, SKU012 : 4 x 4.00€",418.80,-95.89,322.91
2025-03-07,Lyon,app,6,"C0277, C0367","SKU045 : 2 x 7.50€, SKU040 : 2 x 5.00€, SKU013 : 5 x 4.00€, SKU008 : 1 x 24.90€, SKU032 : 3 x 15.00€, SKU013 : 4 x 2.50€",124.90,-67.56,57.34
2025-03-07,Lyon,web,9,"C0263, C0303","SKU002 : 4 x 15.00€, SKU043 : 2 x 5.00€, SKU036 : 5 x 5.00€, SKU036 : 5 x 5.00€, SKU043 : 4 x 7.50€, SKU043 : 4 x 7.50€, SKU039 : 2 x 8.00€, SKU039 : 2 x 8.00€, SKU043 : 2 x 5.00€",222.00,-21.83,200.17
2025-03-07,Marseille,app,2,C0110,"SKU041 : 3 x 12.50€, SKU047 : 5 x 12.50€",100.00,-24.88,75.12
2025-03-07,Marseille,web,6,"C0555, C0662","SKU018 : 1 x 7.50€, SKU019 : 4 x 12.50€, SKU007 : 1 x 5.00€, SKU008 : 2 x 12.50€, SKU033 : 4 x 19.90€, SKU009 : 3 x 15.00€",212.10,-64.30,147.80
2025-03-07,Nantes,app,9,"C0085, C0332, C0461","SKU001 : 2 x 12.50€, SKU044 : 1 x 15.00€, SKU015 : 2 x 2.50€, SKU026 : 5 x 19.90€, SKU045 : 3 x 12.50€, SKU035 : 2 x 5.00€, SKU046 : 2 x 24.90€, SKU044 : 3 x 8.00€, SKU007 : 3 x 5.00€",280.80,-53.18,227.62
2025-03-07,Nantes,web,3,C0684,"SKU035 : 4 x 7.50€, SKU026 : 4 x 9.90€, SKU012 : 5 x 15.00€",144.60,-57.36,87.24
2025-03-07,Nice,app,7,"C0283, C0583","SKU020 : 5 x 2.50€, SKU006 : 2 x 4.00€, SKU033 : 2 x 8.00€, SKU024 : 4 x 5.00€, SKU017 : 2 x 19.90€, SKU040 : 1 x 7.50€, SKU014 : 5 x 12.50€",166.30,-106.20,60.10
2025-03-07,Nice,web,2,C0221,"SKU036 : 4 x 2.50€, SKU021 : 5 x 2.50€",22.50,-7.64,14.86
2025-03-07,Paris,app,4,"C0243, C0442","SKU027 : 4 x 8.00€, SKU031 : 2 x 5.00€, SKU014 : 3 x 7.50€, SKU042 : 3 x 19.90€",124.20,-30.74,93.46
2025-03-07,Toulouse,web,15,"C0578, C0588, C0668, C0706","SKU026 : 5 x 19.90€, SKU041 : 2 x 8.00€, SKU030 : 1 x 12.50€, SKU024 : 1 x 5.00€, SKU022 : 1 x 4.00€, SKU047 : 2 x 7.50€, SKU042 : 3 x 8.00€, SKU039 : 4 x 15.00€, SKU045 : 2 x 8.00€, SKU026 : 4 x 24.90€, SKU026 : 4 x 24.90€, SKU045 : 2 x 8.00€, SKU039 : 4 x 15.00€, SKU019 : 4 x 19.90€, SKU036 : 4 x 19.90€",686.40,-182.64,503.76
2025-03-08,Bordeaux,app,2,C0032,"SKU010 : 1 x 12.50€, SKU010 : 1 x 12.50€",25.00,-29.70,-4.70
2025-03-08,Bordeaux,web,1,C0722,SKU002 : 3 x 2.50€,7.50,-4.11,3.39
2025-03-08,Lille,web,8,C0056,"SKU011 : 2 x 4.00€, SKU011 : 2 x 4.00€, SKU045 : 4 x 24.90€, SKU045 : 4 x 24.90€, SKU022 : 4 x 4.00€, SKU029 : 3 x 7.50€, SKU029 : 3 x 7.50€, SKU022 : 4 x 4.00€",292.20,-36.32,255.88
2025-03-08,Marseille,app,10,"C0003, C0035, C0413","SKU027 : 4 x 9.90€, SKU034 : 3 x 4.00€, SKU050 : 4 x 5.00€, SKU039 : 5 x 5.00€, SKU012 : 5 x 8.00€, SKU044 : 4 x 15.00€, SKU037 : 5 x 19.90€, SKU015 : 4 x 12.50€, SKU043 : 1 x 15.00€, SKU036 : 2 x 8.00€",377.10,-88.86,288.24
2025-03-08,Nantes,app,2,C0635,"SKU029 : 2 x 7.50€, SKU045 : 4 x 19.90€",94.60,-15.96,78.64
2025-03-08,Nantes,web,4,"C0342, C0354","SKU008 : 2 x 4.00€, SKU046 : 2 x 2.50€, SKU003 : 2 x 8.00€, SKU040 : 5 x 9.90€",78.50,-20.29,58.21
2025-03-08,Nice,web,5,"C0053, C0596","SKU004 : 3 x 15.00€, SKU049 : 5 x 8.00€, SKU035 : 4 x 24.90€, SKU044 : 3 x 9.90€, SKU050 : 1 x 7.50€",221.80,-42.42,179.38
2025-03-08,Paris,app,2,C0577,"SKU018 : 2 x 7.50€, SKU038 : 1 x 7.50€",22.50,-34.14,-11.64
2025-03-09,Bordeaux,app,14,"C0082, C0434, C0558, C0559","SKU048 : 2 x 7.50€, SKU009 : 3 x 4.00€, SKU025 : 5 x 8.00€, SKU008 : 3 x 24.90€, SKU041 : 3 x 4.00€, SKU041 : 3 x 4.00€, SKU014 : 5 x 8.00€, SKU019 : 4 x 9.90€, SKU014 : 2 x 12.50€, SKU026 : 4 x 24.90€, SKU001 : 3 x 24.90€, SKU001 : 3 x 24.90€, SKU034 : 4 x 8.00€, SKU034 : 4 x 8.00€",583.30,-118.57,464.73
2025-03-09,Bordeaux,web,12,"C0352, C0392","SKU039 : 3 x 24.90€, SKU025 : 2 x 24.90€, SKU025 : 2 x 24.90€, SKU046 : 3 x 7.50€, SKU039 : 3 x 24.90€, SKU046 : 3 x 7.50€, SKU007 : 2 x 24.90€, SKU002 : 4 x 5.00€, SKU002 : 4 x 5.00€, SKU014 : 3 x 2.50€, SKU014 : 3 x 2.50€, SKU007 : 2 x 24.90€",448.60,-113.58,335.02
2025-03-09,Lille,app,3,"C0608, C0765","SKU007 : 5 x 15.00€, SKU013 : 4 x 4.00€, SKU010 : 5 x 24.90€",215.50,-22.02,193.48
2025-03-09,Lyon,web,5,"C0079, C0507","SKU021 : 1 x 8.00€, SKU004 : 1 x 15.00€, SKU002 : 4 x 15.00€, SKU020 : 4 x 19.90€, SKU012 : 2 x 7.50€",177.60,-77.42,100.18
2025-03-09,Marseille,app,11,"C0196, C0273, C0719","SKU043 : 3 x 8.00€, SKU020 : 2 x 2.50€, SKU047 : 1 x 24.90€, SKU013 : 4 x 2.50€, SKU049 : 1 x 8.00€, SKU049 : 1 x 8.00€, SKU014 : 3 x 8.00€, SKU014 : 3 x 8.00€, SKU014 : 3 x 8.00€, SKU049 : 1 x 8.00€, SKU003 : 2 x 15.00€",189.90,-103.39,86.51
2025-03-09,Marseille,web,15,"C0196, C0327","SKU034 : 5 x 12.50€, SKU034 : 5 x 12.50€, SKU025 : 5 x 2.50€, SKU025 : 5 x 2.50€, SKU025 : 5 x 2.50€, SKU001 : 4 x 5.00€, SKU001 : 4 x 5.00€, SKU001 : 4 x 5.00€, SKU022 : 1 x 15.00€, SKU022 : 1 x 15.00€, SKU022 : 1 x 15.00€, SKU034 : 5 x 12.50€, SKU028 : 1 x 2.50€, SKU004 : 4 x 15.00€, SKU004 : 3 x 15.00€",437.50,-168.04,269.46
2025-03-09,Nantes,app,7,"C0309, C0684, C0731","SKU046 : 3 x 24.90€, SKU033 : 3 x 8.00€, SKU010 : 2 x 4.00€, SKU035 : 4 x 19.90€, SKU036 : 3 x 8.00€, SKU012 : 3 x 24.90€, SKU023 : 2 x 12.50€",310.00,-56.66,253.34
2025-03-09,Nantes,web,7,"C0051, C0473, C0538","SKU043 : 2 x 19.90€, SKU044 : 5 x 12.50€, SKU015 : 3 x 19.90€, SKU049 : 3 x 15.00€, SKU042 : 4 x 2.50€, SKU042 : 1 x 7.50€, SKU041 : 1 x 24.90€",249.40,-87.59,161.81
2025-03-09,Nice,app,11,"C0068, C0769, C0783","SKU017 : 2 x 4.00€, SKU008 : 3 x 24.90€, SKU031 : 4 x 12.50€, SKU020 : 2 x 15.00€, SKU050 : 2 x 4.00€, SKU025 : 5 x 7.50€, SKU026 : 4 x 4.00€, SKU017 : 3 x 4.00€, SKU034 : 4 x 12.50€, SKU002 : 3 x 8.00€, SKU025 : 5 x 9.90€",359.70,-74.72,284.98
2025-03-09,Nice,web,7,"C0002, C0399","SKU043 : 2 x 8.00€, SKU012 : 4 x 7.50€, SKU007 : 1 x 9.90€, SKU033 : 2 x 2.50€, SKU024 : 2 x 12.50€, SKU050 : 3 x 8.00€, SKU041 : 2 x 8.00€",125.90,-100.53,25.37
2025-03-09,Paris,app,19,"C0076, C0185, C0195, C0440, C0548, C0597","SKU013 : 1 x 24.90€, SKU028 : 5 x 15.00€, SKU035 : 5 x 15.00€, SKU011 : 2 x 12.50€, SKU029 : 4 x 9.90€, SKU041 : 2 x 12.50€, SKU041 : 2 x 12.50€, SKU038 : 5 x 4.00€, SKU038 : 5 x 4.00€, SKU001 : 4 x 9.90€, SKU001 : 4 x 9.90€, SKU040 : 4 x 15.00€, SKU047 : 5 x 12.50€, SKU048 : 3 x 12.50€, SKU027 : 4 x 8.00€, SKU035 : 4 x 4.00€, SKU010 : 3 x 7.50€, SKU011 : 3 x 2.50€, SKU045 : 1 x 9.90€",656.60,-209.89,446.71
2025-03-09,Paris,web,6,"C0344, C0402","SKU050 : 5 x 4.00€, SKU050 : 5 x 4.00€, SKU039 : 5 x 7.50€, SKU037 : 4 x 7.50€, SKU003 : 3 x 7.50€, SKU018 : 5 x 2.50€",142.50,-77.52,64.98
2025-03-09,Toulouse,app,3,C0229,"SKU022 : 4 x 19.90€, SKU050 : 5 x 19.90€, SKU033 : 1 x 15.00€",194.10,-27.09,167.01
2025-03-09,Toulouse,web,4,"C0563, C0629","SKU045 : 3 x 2.50€, SKU048 : 1 x 12.50€, SKU048 : 1 x 19.90€, SKU041 : 5 x 15.00€",114.90,-62.94,51.96
2025-03-10,Bordeaux,web,6,"C0062, C0445, C0780","SKU007 : 4 x 24.90€, SKU025 : 1 x 9.90€, SKU031 : 4 x 24.90€, SKU050 : 3 x 24.90€, SKU022 : 3 x 4.00€, SKU010 : 2 x 5.00€",305.80,-68.46,237.34
2025-03-10,Lille,app,9,"C0028, C0552, C0775","SKU033 : 5 x 9.90€, SKU045 : 2 x 15.00€, SKU049 : 4 x 2.50€, SKU008 : 5 x 2.50€, SKU037 : 3 x 2.50€, SKU007 : 2 x 5.00€, SKU011 : 4 x 8.00€, SKU029 : 5 x 8.00€, SKU002 : 1 x 12.50€",204.00,-104.88,99.12
2025-03-10,Lyon,web,4,"C0155, C0658","SKU040 : 3 x 24.90€, SKU040 : 3 x 24.90€, SKU021 : 5 x 9.90€, SKU001 : 1 x 15.00€",213.90,-55.96,157.94
2025-03-10,Marseille,app,2,C0565,"SKU047 : 5 x 2.50€, SKU037 : 1 x 5.00€",17.50,-25.00,-7.50
2025-03-10,Marseille,web,4,C0615,"SKU047 : 1 x 5.00€, SKU020 : 5 x 8.00€, SKU032 : 1 x 8.00€, SKU017 : 5 x 5.00€",78.00,-76.44,1.56
2025-03-10,Nantes,web,5,"C0320, C0798","SKU022 : 5 x 24.90€, SKU033 : 1 x 12.50€, SKU038 : 5 x 5.00€, SKU008 : 3 x 4.00€, SKU029 : 4 x 12.50€",224.00,-35.16,188.84
2025-03-10,Nice,app,1,C0180,SKU030 : 2 x 8.00€,16.00,-14.94,1.06
2025-03-10,Paris,app,6,"C0034, C0165, C0203","SKU025 : 5 x 19.90€, SKU030 : 2 x 7.50€, SKU028 : 3 x 5.00€, SKU037 : 5 x 9.90€, SKU050 : 3 x 15.00€, SKU018 : 4 x 9.90€",263.60,-15.16,248.44
2025-03-10,Paris,web,2,C0264,"SKU017 : 5 x 12.50€, SKU021 : 5 x 5.00€",87.50,-7.00,80.50
2025-03-10,Toulouse,web,5,"C0233, C0286, C0728","SKU035 : 2 x 12.50€, SKU028 : 2 x 2.50€, SKU027 : 4 x 7.50€, SKU020 : 4 x 9.90€, SKU050 : 5 x 7.50€",137.10,-68.47,68.63
2025-03-11,Bordeaux,app,8,"C0282, C0485","SKU025 : 4 x 7.50€, SKU025 : 4 x 7.50€, SKU048 : 5 x 12.50€, SKU048 : 5 x 12.50€, SKU043 : 4 x 19.90€, SKU019 : 5 x 24.90€, SKU045 : 1 x 4.00€, SKU043 : 2 x 5.00€",403.10,-87.76,315.34
2025-03-11,Bordeaux,web,4,C0485,"SKU006 : 1 x 5.00€, SKU044 : 1 x 19.90€, SKU017 : 1 x 8.00€, SKU049 : 2 x 19.90€",72.70,-69.96,2.74
2025-03-11,Lille,app,4,"C0218, C0656","SKU021 : 3 x 24.90€, SKU010 : 3 x 9.90€, SKU042 : 3 x 9.90€, SKU034 : 1 x 7.50€",141.60,-14.62,126.98
2025-03-11,Lyon,app,7,"C0091, C0617","SKU035 : 3 x 2.50€, SKU040 : 3 x 7.50€, SKU031 : 1 x 15.00€, SKU031 : 1 x 15.00€, SKU040 : 3 x 7.50€, SKU035 : 3 x 2.50€, SKU034 : 2 x 19.90€",129.80,-52.57,77.23
2025-03-11,Marseille,web,4,C0035,"SKU020 : 5 x 8.00€, SKU019 : 4 x 7.50€, SKU003 : 4 x 12.50€, SKU014 : 1 x 2.50€",122.50,-27.20,95.30
2025-03-11,Nantes,web,2,C0224,"SKU040 : 2 x 19.90€, SKU001 : 5 x 7.50€",77.30,-17.94,59.36
2025-03-11,Nice,app,4,C0777,"SKU036 : 4 x 2.50€, SKU012 : 4 x 4.00€, SKU021 : 4 x 2.50€, SKU021 : 1 x 4.00€",40.00,-55.80,-15.80
2025-03-11,Nice,web,5,"C0251, C0769","SKU033 : 5 x 15.00€, SKU021 : 1 x 5.00€, SKU009 : 1 x 4.00€, SKU016 : 3 x 24.90€, SKU017 : 1 x 2.50€",161.20,-66.14,95.06
2025-03-11,Paris,web,5,"C0371, C0739","SKU004 : 1 x 4.00€, SKU029 : 3 x 12.50€, SKU029 : 5 x 5.00€, SKU041 : 1 x 12.50€, SKU048 : 3 x 9.90€",108.70,-33.50,75.20
2025-03-11,Toulouse,app,8,"C0206, C0762","SKU032 : 1 x 4.00€, SKU011 : 2 x 7.50€, SKU007 : 2 x 2.50€, SKU040 : 5 x 2.50€, SKU019 : 2 x 15.00€, SKU045 : 3 x 7.50€, SKU011 : 4 x 2.50€, SKU034 : 3 x 8.00€",123.00,-123.28,-0.28
2025-03-12,Bordeaux,web,7,"C0421, C0462","SKU044 : 5 x 4.00€, SKU046 : 3 x 7.50€, SKU006 : 4 x 15.00€, SKU024 : 5 x 19.90€, SKU002 : 1 x 7.50€, SKU039 : 4 x 5.00€, SKU035 : 3 x 5.00€",244.50,-87.96,156.54
2025-03-12,Lille,app,11,"C0767, C0794","SKU044 : 4 x 19.90€, SKU012 : 1 x 12.50€, SKU035 : 5 x 7.50€, SKU039 : 5 x 2.50€, SKU035 : 2 x 5.00€, SKU039 : 1 x 12.50€, SKU035 : 2 x 5.00€, SKU040 : 2 x 24.90€, SKU039 : 5 x 2.50€, SKU039 : 1 x 12.50€, SKU040 : 2 x 24.90€",299.20,-72.12,227.08
2025-03-12,Lille,web,7,"C0192, C0677","SKU031 : 5 x 8.00€, SKU043 : 2 x 2.50€, SKU026 : 1 x 9.90€, SKU028 : 2 x 9.90€, SKU016 : 4 x 4.00€, SKU040 : 5 x 4.00€, SKU013 : 2 x 9.90€",130.50,-112.59,17.91
2025-03-12,Lyon,app,10,"C0305, C0561, C0602","SKU050 : 1 x 8.00€, SKU040 : 3 x 2.50€, SKU014 : 2 x 2.50€, SKU044 : 1 x 24.90€, SKU047 : 2 x 12.50€, SKU042 : 4 x 19.90€, SKU049 : 1 x 4.00€, SKU011 : 5 x 5.00€, SKU012 : 2 x 15.00€, SKU018 : 3 x 12.50€",246.50,-75.14,171.36
2025-03-12,Marseille,app,6,"C0003, C0705","SKU036 : 4 x 5.00€, SKU009 : 4 x 19.90€, SKU007 : 5 x 7.50€, SKU039 : 4 x 12.50€, SKU013 : 4 x 8.00€, SKU003 : 2 x 19.90€",258.90,-61.98,196.92
2025-03-12,Marseille,web,2,C0347,"SKU048 : 1 x 7.50€, SKU013 : 2 x 5.00€",17.50,-4.64,12.86
2025-03-12,Nantes,app,6,C0709,"SKU001 : 5 x 19.90€, SKU019 : 2 x 7.50€, SKU001 : 5 x 19.90€, SKU019 : 2 x 7.50€, SKU002 : 3 x 4.00€, SKU002 : 3 x 4.00€",253.00,-20.43,232.57
2025-03-12,Nantes,web,8,C0354,"SKU020 : 3 x 8.00€, SKU022 : 3 x 15.00€, SKU007 : 4 x 2.50€, SKU007 : 4 x 2.50€, SKU016 : 4 x 15.00€, SKU016 : 4 x 15.00€, SKU022 : 3 x 15.00€, SKU020 : 3 x 8.00€",278.00,-67.44,210.56
2025-03-12,Nice,app,2,C0529,"SKU003 : 5 x 24.90€, SKU038 : 2 x 24.90€",174.30,-17.66,156.64
2025-03-12,Paris,app,4,C0078,"SKU034 : 3 x 5.00€, SKU035 : 3 x 19.90€, SKU043 : 1 x 7.50€, SKU021 : 2 x 8.00€",98.20,-4.56,93.64
2025-03-12,Paris,web,8,"C0197, C0493, C0720","SKU012 : 3 x 24.90€, SKU038 : 4 x 8.00€, SKU049 : 1 x 8.00€, SKU039 : 2 x 12.50€, SKU049 : 3 x 7.50€, SKU037 : 1 x 4.00€, SKU023 : 1 x 19.90€, SKU050 : 4 x 9.90€",225.70,-121.67,104.03
2025-03-12,Toulouse,web,8,"C0369, C0416, C0530","SKU040 : 5 x 19.90€, SKU040 : 2 x 9.90€, SKU010 : 4 x 5.00€, SKU007 : 4 x 19.90€, SKU050 : 2 x 12.50€, SKU017 : 1 x 19.90€, SKU023 : 4 x 4.00€, SKU038 : 1 x 15.00€",294.80,-70.53,224.27
2025-03-13,Bordeaux,app,4,C0062,"SKU030 : 5 x 15.00€, SKU013 : 1 x 4.00€, SKU002 : 5 x 4.00€, SKU045 : 2 x 9.90€",118.80,-63.04,55.76
2025-03-13,Bordeaux,web,5,"C0099, C0191, C0756","SKU012 : 1 x 15.00€, SKU020 : 5 x 15.00€, SKU017 : 2 x 8.00€, SKU038 : 4 x 2.50€, SKU024 : 4 x 2.50€",126.00,-53.99,72.01
2025-03-13,Lille,app,9,"C0464, C0730, C0794","SKU044 : 5 x 7.50€, SKU036 : 4 x 19.90€, SKU041 : 1 x 8.00€, SKU034 : 2 x 15.00€, SKU001 : 2 x 8.00€, SKU039 : 4 x 12.50€, SKU001 : 2 x 2.50€, SKU018 : 5 x 2.50€, SKU014 : 2 x 4.00€",246.60,-108.39,138.21
2025-03-13,Lille,web,3,C0017,"SKU043 : 1 x 8.00€, SKU038 : 2 x 4.00€, SKU001 : 5 x 4.00€",36.00,-50.67,-14.67
2025-03-13,Lyon,app,4,C0093,"SKU039 : 4 x 19.90€, SKU010 : 2 x 4.00€, SKU028 : 4 x 2.50€, SKU009 : 4 x 12.50€",147.60,-40.64,106.96
2025-03-13,Lyon,web,4,"C0125, C0678","SKU049 : 2 x 7.50€, SKU009 : 2 x 4.00€, SKU018 : 2 x 8.00€, SKU021 : 5 x 9.90€",88.50,-74.44,14.06
2025-03-13,Marseille,app,3,C0692,"SKU046 : 1 x 9.90€, SKU040 : 1 x 5.00€, SKU027 : 3 x 9.90€",44.60,-24.39,20.21
2025-03-13,Nantes,app,3,C0318,"SKU044 : 4 x 4.00€, SKU044 : 1 x 12.50€, SKU022 : 1 x 8.00€",36.50,-3.39,33.11
2025-03-13,Nantes,web,3,C0276,"SKU045 : 1 x 5.00€, SKU008 : 3 x 24.90€, SKU036 : 4 x 24.90€",179.30,-54.81,124.49
2025-03-13,Nice,app,2,C0400,"SKU037 : 5 x 7.50€, SKU002 : 3 x 19.90€",97.20,-21.98,75.22
2025-03-13,Paris,app,5,"C0177, C0197","SKU029 : 5 x 7.50€, SKU013 : 4 x 19.90€, SKU001 : 4 x 4.00€, SKU020 : 1 x 8.00€, SKU010 : 1 x 19.90€",161.00,-78.57,82.43
2025-03-13,Toulouse,web,2,C0563,"SKU032 : 2 x 5.00€, SKU045 : 1 x 8.00€",18.00,-26.84,-8.84
2025-03-14,Bordeaux,app,4,C0322,"SKU007 : 5 x 8.00€, SKU016 : 1 x 2.50€, SKU005 : 1 x 9.90€, SKU007 : 4 x 5.00€",72.40,-59.52,12.88
2025-03-14,Bordeaux,web,2,C0261,"SKU025 : 4 x 15.00€, SKU016 : 1 x 19.90€",79.90,-25.74,54.16
2025-03-14,Lille,app,8,C0566,"SKU050 : 4 x 19.90€, SKU030 : 2 x 15.00€, SKU030 : 2 x 15.00€, SKU050 : 2 x 15.00€, SKU050 : 2 x 15.00€, SKU050 : 4 x 19.90€, SKU027 : 1 x 9.90€, SKU027 : 1 x 9.90€",299.00,-104.44,194.56
2025-03-14,Lille,web,7,"C0464, C0549, C0760","SKU041 : 1 x 19.90€, SKU027 : 4 x 19.90€, SKU023 : 4 x 24.90€, SKU047 : 3 x 9.90€, SKU027 : 1 x 7.50€, SKU041 : 4 x 24.90€, SKU047 : 1 x 24.90€",360.80,-85.06,275.74
2025-03-14,Lyon,web,11,"C0138, C0693","SKU014 : 1 x 8.00€, SKU049 : 3 x 12.50€, SKU015 : 5 x 9.90€, SKU001 : 3 x 4.00€, SKU008 : 3 x 7.50€, SKU008 : 3 x 7.50€, SKU034 : 1 x 15.00€, SKU034 : 1 x 15.00€, SKU004 : 5 x 7.50€, SKU004 : 5 x 7.50€, SKU001 : 3 x 4.00€",269.00,-140.92,128.08
2025-03-14,Marseille,app,4,C0610,"SKU040 : 4 x 5.00€, SKU019 : 4 x 15.00€, SKU044 : 1 x 19.90€, SKU049 : 4 x 12.50€",149.90,-76.20,73.70
2025-03-14,Marseille,web,10,"C0027, C0212, C0383","SKU048 : 1 x 15.00€, SKU044 : 4 x 24.90€, SKU018 : 4 x 19.90€, SKU039 : 4 x 8.00€, SKU019 : 4 x 12.50€, SKU044 : 5 x 15.00€, SKU044 : 5 x 15.00€, SKU019 : 4 x 12.50€, SKU009 : 1 x 8.00€, SKU009 : 1 x 8.00€",492.20,-114.28,377.92
2025-03-14,Nice,app,6,"C0098, C0190","SKU005 : 3 x 15.00€, SKU042 : 2 x 5.00€, SKU007 : 1 x 15.00€, SKU045 : 1 x 9.90€, SKU045 : 2 x 5.00€, SKU048 : 3 x 8.00€",113.90,-78.82,35.08
2025-03-14,Toulouse,app,12,"C0043, C0419, C0517","SKU026 : 4 x 15.00€, SKU048 : 5 x 24.90€, SKU034 : 3 x 9.90€, SKU048 : 5 x 24.90€, SKU019 : 3 x 15.00€, SKU034 : 3 x 9.90€, SKU019 : 3 x 15.00€, SKU026 : 4 x 15.00€, SKU050 : 5 x 12.50€, SKU045 : 5 x 12.50€, SKU048 : 1 x 15.00€, SKU009 : 2 x 4.00€",666.40,-188.56,477.84
2025-03-14,Toulouse,web,3,C0206,"SKU008 : 2 x 8.00€, SKU008 : 3 x 9.90€, SKU003 : 5 x 19.90€",145.20,-17.67,127.53
2025-03-15,Bordeaux,web,3,"C0285, C0512","SKU008 : 3 x 12.50€, SKU029 : 3 x 12.50€, SKU029 : 3 x 12.50€",112.50,-25.89,86.61
2025-03-15,Lille,app,19,"C0028, C0046, C0388, C0437, C0757","SKU035 : 4 x 9.90€, SKU036 : 5 x 19.90€, SKU043 : 4 x 5.00€, SKU032 : 4 x 5.00€, SKU044 : 4 x 24.90€, SKU014 : 1 x 19.90€, SKU050 : 4 x 15.00€, SKU017 : 5 x 15.00€, SKU016 : 4 x 9.90€, SKU036 : 2 x 15.00€, SKU034 : 5 x 19.90€, SKU023 : 2 x 12.50€, SKU023 : 2 x 12.50€, SKU034 : 5 x 19.90€, SKU036 : 2 x 15.00€, SKU046 : 5 x 24.90€, SKU024 : 5 x 9.90€, SKU035 : 5 x 7.50€, SKU004 : 4 x 4.00€",1009.70,-251.20,758.50
2025-03-15,Lille,web,9,"C0248, C0630, C0757","SKU045 : 2 x 24.90€, SKU027 : 5 x 12.50€, SKU027 : 5 x 12.50€, SKU045 : 2 x 24.90€, SKU012 : 4 x 12.50€, SKU049 : 3 x 15.00€, SKU018 : 4 x 24.90€, SKU016 : 3 x 7.50€, SKU048 : 1 x 24.90€",466.60,-91.74,374.86
2025-03-15,Lyon,app,13,"C0428, C0602","SKU049 : 3 x 2.50€, SKU046 : 2 x 8.00€, SKU046 : 2 x 8.00€, SKU046 : 2 x 8.00€, SKU046 : 2 x 8.00€, SKU049 : 3 x 2.50€, SKU049 : 3 x 2.50€, SKU046 : 2 x 8.00€, SKU046 : 2 x 8.00€, SKU046 : 2 x 8.00€, SKU046 : 2 x 8.00€, SKU049 : 3 x 2.50€, SKU031 : 1 x 4.00€",162.00,-80.26,81.74
2025-03-15,Lyon,web,2,C0527,"SKU037 : 4 x 24.90€, SKU041 : 5 x 9.90€",149.10,-7.20,141.90
2025-03-15,Marseille,app,10,"C0526, C0628","SKU031 : 4 x 15.00€, SKU048 : 2 x 24.90€, SKU048 : 2 x 24.90€, SKU017 : 5 x 15.00€, SKU028 : 5 x 12.50€, SKU028 : 5 x 12.50€, SKU017 : 5 x 15.00€, SKU031 : 4 x 15.00€, SKU024 : 3 x 4.00€, SKU008 : 5 x 4.00€",526.60,-52.96,473.64
2025-03-15,Marseille,web,11,"C0234, C0337, C0394","SKU040 : 2 x 4.00€, SKU050 : 4 x 4.00€, SKU046 : 5 x 7.50€, SKU044 : 1 x 15.00€, SKU048 : 4 x 9.90€, SKU009 : 2 x 5.00€, SKU035 : 5 x 7.50€, SKU036 : 1 x 24.90€, SKU027 : 3 x 24.90€, SKU008 : 4 x 7.50€, SKU024 : 1 x 12.50€",305.70,-94.41,211.29
2025-03-15,Nantes,app,3,"C0224, C0332","SKU036 : 1 x 4.00€, SKU006 : 2 x 7.50€, SKU032 : 3 x 2.50€",26.50,-47.67,-21.17
2025-03-15,Nantes,web,5,"C0158, C0663","SKU014 : 5 x 4.00€, SKU012 : 5 x 8.00€, SKU032 : 3 x 4.00€, SKU024 : 2 x 5.00€, SKU011 : 4 x 8.00€",114.00,-92.81,21.19
2025-03-15,Nice,app,6,"C0283, C0787","SKU016 : 1 x 8.00€, SKU034 : 5 x 24.90€, SKU050 : 4 x 4.00€, SKU040 : 5 x 2.50€, SKU006 : 3 x 15.00€, SKU006 : 3 x 15.00€",251.00,-92.69,158.31
2025-03-15,Nice,web,6,"C0163, C0366","SKU019 : 2 x 24.90€, SKU005 : 4 x 15.00€, SKU030 : 1 x 2.50€, SKU039 : 5 x 7.50€, SKU027 : 3 x 24.90€, SKU044 : 5 x 19.90€",324.00,-66.72,257.28
2025-03-15,Paris,app,18,"C0274, C0317, C0576, C0744","SKU044 : 1 x 15.00€, SKU019 : 4 x 9.90€, SKU019 : 4 x 9.90€, SKU044 : 1 x 15.00€, SKU015 : 3 x 9.90€, SKU020 : 5 x 24.90€, SKU020 : 5 x 24.90€, SKU020 : 5 x 24.90€, SKU001 : 4 x 8.00€, SKU001 : 4 x 8.00€, SKU001 : 4 x 8.00€, SKU015 : 3 x 9.90€, SKU015 : 3 x 9.90€, SKU047 : 3 x 5.00€, SKU027 : 4 x 4.00€, SKU046 : 4 x 8.00€, SKU001 : 3 x 4.00€, SKU020 : 4 x 19.90€",822.40,-208.29,614.11
2025-03-15,Toulouse,app,7,"C0060, C0268","SKU044 : 3 x 8.00€, SKU040 : 3 x 5.00€, SKU049 : 5 x 24.90€, SKU009 : 5 x 2.50€, SKU023 : 2 x 15.00€, SKU041 : 5 x 12.50€, SKU003 : 3 x 9.90€",298.20,-100.80,197.40
2025-03-16,Bordeaux,app,8,"C0172, C0504","SKU016 : 4 x 9.90€, SKU031 : 2 x 12.50€, SKU017 : 5 x 4.00€, SKU006 : 1 x 24.90€, SKU006 : 1 x 24.90€, SKU006 : 1 x 24.90€, SKU017 : 5 x 4.00€, SKU017 : 5 x 4.00€",199.30,-39.78,159.52
2025-03-16,Bordeaux,web,3,C0679,"SKU002 : 3 x 9.90€, SKU014 : 4 x 7.50€, SKU005 : 3 x 24.90€",134.40,-20.79,113.61
2025-03-16,Lille,app,8,"C0353, C0566, C0794","SKU032 : 5 x 8.00€, SKU038 : 1 x 2.50€, SKU014 : 1 x 12.50€, SKU028 : 3 x 19.90€, SKU038 : 5 x 8.00€, SKU022 : 1 x 5.00€, SKU029 : 3 x 5.00€, SKU008 : 5 x 15.00€",249.70,-103.62,146.08
2025-03-16,Lille,web,7,"C0387, C0575","SKU005 : 5 x 19.90€, SKU016 : 2 x 15.00€, SKU023 : 1 x 4.00€, SKU015 : 1 x 7.50€, SKU045 : 3 x 19.90€, SKU040 : 5 x 2.50€, SKU046 : 1 x 4.00€",217.20,-95.62,121.58
2025-03-16,Lyon,app,4,"C0231, C0489","SKU015 : 5 x 24.90€, SKU002 : 2 x 12.50€, SKU029 : 1 x 5.00€, SKU001 : 3 x 15.00€",199.50,-55.21,144.29
2025-03-16,Marseille,web,3,C0168,"SKU027 : 1 x 12.50€, SKU038 : 2 x 5.00€, SKU032 : 4 x 4.00€",38.50,-33.12,5.38
2025-03-16,Nantes,web,6,"C0455, C0461","SKU050 : 2 x 9.90€, SKU018 : 2 x 15.00€, SKU033 : 3 x 24.90€, SKU014 : 2 x 7.50€, SKU045 : 4 x 2.50€, SKU045 : 1 x 7.50€",157.00,-57.08,99.92
2025-03-16,Nice,app,8,"C0053, C0325","SKU031 : 2 x 9.90€, SKU024 : 2 x 8.00€, SKU043 : 3 x 9.90€, SKU009 : 1 x 24.90€, SKU005 : 1 x 2.50€, SKU024 : 3 x 4.00€, SKU043 : 1 x 2.50€, SKU027 : 3 x 7.50€",129.90,-26.52,103.38
2025-03-16,Toulouse,app,6,"C0175, C0619","SKU023 : 5 x 12.50€, SKU038 : 3 x 8.00€, SKU011 : 4 x 5.00€, SKU012 : 5 x 15.00€, SKU042 : 3 x 7.50€, SKU012 : 1 x 7.50€",211.50,-32.98,178.52
2025-03-16,Toulouse,web,4,"C0275, C0340","SKU039 : 2 x 24.90€, SKU038 : 3 x 24.90€, SKU018 : 1 x 7.50€, SKU034 : 2 x 9.90€",151.80,-28.40,123.40
2025-03-17,Bordeaux,web,4,"C0222, C0504","SKU043 : 3 x 24.90€, SKU014 : 4 x 4.00€, SKU020 : 4 x 19.90€, SKU019 : 2 x 2.50€",175.30,-46.67,128.63
2025-03-17,Lille,app,1,C0405,SKU028 : 5 x 2.50€,12.50,-19.86,-7.36
2025-03-17,Lyon,app,4,C0263,"SKU008 : 5 x 12.50€, SKU036 : 5 x 5.00€, SKU024 : 3 x 5.00€, SKU031 : 2 x 24.90€",152.30,-20.88,131.42
2025-03-17,Lyon,web,9,"C0253, C0368","SKU046 : 5 x 12.50€, SKU024 : 1 x 8.00€, SKU038 : 2 x 15.00€, SKU032 : 2 x 7.50€, SKU020 : 2 x 9.90€, SKU002 : 1 x 19.90€, SKU020 : 2 x 9.90€, SKU032 : 2 x 7.50€, SKU002 : 1 x 19.90€",209.90,-114.63,95.27
2025-03-17,Marseille,app,7,"C0467, C0620","SKU025 : 4 x 9.90€, SKU016 : 5 x 15.00€, SKU030 : 4 x 5.00€, SKU025 : 5 x 12.50€, SKU024 : 3 x 4.00€, SKU020 : 5 x 7.50€, SKU025 : 3 x 4.00€",258.60,-93.96,164.64
2025-03-17,Nantes,web,3,"C0181, C0309, C0684","SKU045 : 3 x 7.50€, SKU009 : 3 x 7.50€, SKU048 : 4 x 15.00€",105.00,-19.63,85.37
2025-03-17,Nice,app,5,"C0178, C0718","SKU042 : 2 x 9.90€, SKU044 : 5 x 24.90€, SKU011 : 2 x 9.90€, SKU032 : 2 x 9.90€, SKU021 : 3 x 15.00€",228.90,-24.87,204.03
2025-03-17,Nice,web,2,C0583,"SKU048 : 5 x 2.50€, SKU041 : 5 x 9.90€",62.00,-35.76,26.24
2025-03-17,Paris,app,1,C0521,SKU004 : 1 x 24.90€,24.90,-18.71,6.19
2025-03-17,Toulouse,app,1,C0121,SKU019 : 4 x 24.90€,99.60,-12.65,86.95
2025-03-17,Toulouse,web,3,C0753,"SKU014 : 5 x 5.00€, SKU020 : 4 x 2.50€, SKU034 : 2 x 19.90€",74.80,-27.06,47.74
2025-03-18,Bordeaux,app,3,C0788,"SKU035 : 2 x 7.50€, SKU042 : 5 x 2.50€, SKU028 : 2 x 12.50€",52.50,-48.36,4.14
2025-03-18,Bordeaux,web,2,C0018,"SKU034 : 4 x 15.00€, SKU031 : 2 x 4.00€",68.00,-17.12,50.88
2025-03-18,Lille,app,7,"C0566, C0723","SKU012 : 2 x 7.50€, SKU044 : 2 x 8.00€, SKU044 : 2 x 8.00€, SKU024 : 5 x 4.00€, SKU007 : 1 x 12.50€, SKU007 : 1 x 12.50€, SKU024 : 5 x 4.00€",112.00,-116.71,-4.71
2025-03-18,Lille,web,10,"C0118, C0549, C0742, C0765","SKU034 : 5 x 9.90€, SKU045 : 2 x 5.00€, SKU034 : 5 x 9.90€, SKU045 : 2 x 5.00€, SKU040 : 2 x 8.00€, SKU049 : 1 x 24.90€, SKU001 : 5 x 5.00€, SKU001 : 5 x 5.00€, SKU044 : 4 x 19.90€, SKU049 : 4 x 5.00€",309.50,-126.52,182.98
2025-03-18,Lyon,app,10,"C0079, C0527","SKU047 : 5 x 15.00€, SKU031 : 1 x 15.00€, SKU031 : 2 x 8.00€, SKU031 : 2 x 8.00€, SKU042 : 2 x 7.50€, SKU042 : 2 x 7.50€, SKU047 : 5 x 15.00€, SKU031 : 1 x 15.00€, SKU019 : 1 x 2.50€, SKU039 : 2 x 15.00€",274.50,-100.00,174.50
2025-03-18,Lyon,web,2,C0023,"SKU039 : 1 x 15.00€, SKU041 : 2 x 19.90€",54.80,-9.46,45.34
2025-03-18,Marseille,app,9,"C0107, C0337, C0386, C0703","SKU049 : 3 x 8.00€, SKU031 : 2 x 15.00€, SKU010 : 5 x 2.50€, SKU050 : 3 x 2.50€, SKU048 : 5 x 15.00€, SKU034 : 3 x 4.00€, SKU023 : 1 x 5.00€, SKU018 : 1 x 7.50€, SKU014 : 5 x 7.50€",211.00,-75.25,135.75
2025-03-18,Nantes,app,11,"C0244, C0731","SKU046 : 2 x 15.00€, SKU039 : 5 x 19.90€, SKU039 : 5 x 19.90€, SKU008 : 4 x 9.90€, SKU039 : 1 x 8.00€, SKU039 : 1 x 8.00€, SKU008 : 4 x 9.90€, SKU046 : 2 x 15.00€, SKU010 : 4 x 15.00€, SKU017 : 2 x 9.90€, SKU004 : 2 x 9.90€",453.80,-189.89,263.91
2025-03-18,Nantes,web,4,C0115,"SKU048 : 3 x 7.50€, SKU032 : 2 x 2.50€, SKU033 : 3 x 8.00€, SKU005 : 3 x 24.90€",126.20,-74.04,52.16
2025-03-18,Nice,app,3,C0098,"SKU030 : 1 x 5.00€, SKU017 : 2 x 9.90€, SKU007 : 5 x 7.50€",62.30,-27.54,34.76
2025-03-18,Nice,web,3,"C0109, C0525","SKU047 : 4 x 5.00€, SKU031 : 5 x 12.50€, SKU044 : 2 x 19.90€",122.30,-20.11,102.19
2025-03-18,Paris,app,8,"C0714, C0792","SKU034 : 5 x 8.00€, SKU030 : 5 x 24.90€, SKU030 : 5 x 24.90€, SKU034 : 5 x 8.00€, SKU013 : 4 x 15.00€, SKU013 : 4 x 15.00€, SKU004 : 3 x 2.50€, SKU017 : 1 x 8.00€",464.50,-72.76,391.74
2025-03-18,Paris,web,2,C0689,"SKU033 : 2 x 4.00€, SKU015 : 1 x 4.00€",12.00,-35.48,-23.48
2025-03-18,Toulouse,app,6,C0350,"SKU005 : 2 x 4.00€, SKU038 : 4 x 24.90€, SKU038 : 4 x 24.90€, SKU029 : 3 x 2.50€, SKU029 : 3 x 2.50€, SKU005 : 2 x 4.00€",230.20,-27.57,202.63
2025-03-18,Toulouse,web,2,C0600,"SKU050 : 4 x 9.90€, SKU050 : 4 x 9.90€",79.20,-27.66,51.54
2025-03-19,Bordeaux,app,4,C0410,"SKU006 : 3 x 8.00€, SKU020 : 1 x 24.90€, SKU020 : 1 x 24.90€, SKU006 : 3 x 8.00€",97.80,-40.18,57.62
2025-03-19,Bordeaux,web,14,"C0016, C0421, C0427, C0445","SKU020 : 4 x 9.90€, SKU020 : 4 x 9.90€, SKU012 : 1 x 12.50€, SKU018 : 2 x 4.00€, SKU018 : 2 x 4.00€, SKU012 : 1 x 12.50€, SKU026 : 4 x 8.00€, SKU040 : 1 x 24.90€, SKU001 : 1 x 24.90€, SKU031 : 3 x 8.00€, SKU042 : 3 x 15.00€, SKU036 : 1 x 12.50€, SKU018 : 1 x 12.50€, SKU025 : 2 x 9.90€",315.80,-137.11,178.69
2025-03-19,Lille,app,4,"C0083, C0387","SKU023 : 4 x 9.90€, SKU015 : 2 x 19.90€, SKU040 : 3 x 4.00€, SKU035 : 3 x 12.50€",128.90,-19.48,109.42
2025-03-19,Lille,web,4,C0188,"SKU037 : 4 x 9.90€, SKU049 : 3 x 9.90€, SKU011 : 3 x 2.50€, SKU050 : 3 x 4.00€",88.80,-31.84,56.96
2025-03-19,Lyon,web,10,"C0040, C0081, C0368","SKU046 : 5 x 15.00€, SKU012 : 2 x 4.00€, SKU049 : 2 x 2.50€, SKU049 : 2 x 2.50€, SKU012 : 2 x 4.00€, SKU046 : 5 x 15.00€, SKU037 : 4 x 8.00€, SKU032 : 3 x 12.50€, SKU006 : 1 x 5.00€, SKU030 : 2 x 15.00€",280.50,-126.51,153.99
2025-03-19,Marseille,app,6,C0011,"SKU043 : 2 x 8.00€, SKU010 : 5 x 19.90€, SKU010 : 5 x 19.90€, SKU043 : 2 x 8.00€, SKU012 : 2 x 7.50€, SKU012 : 2 x 7.50€",261.00,-39.21,221.79
2025-03-19,Marseille,web,3,C0299,"SKU049 : 2 x 15.00€, SKU029 : 2 x 2.50€, SKU031 : 4 x 15.00€",95.00,-54.33,40.67
2025-03-19,Nantes,web,8,"C0013, C0310, C0691","SKU043 : 4 x 4.00€, SKU045 : 3 x 9.90€, SKU015 : 3 x 7.50€, SKU030 : 4 x 2.50€, SKU034 : 4 x 9.90€, SKU024 : 4 x 4.00€, SKU014 : 5 x 2.50€, SKU022 : 5 x 15.00€",221.30,-40.30,181.00
2025-03-19,Nice,app,1,C0068,SKU004 : 5 x 4.00€,20.00,-13.16,6.84
2025-03-19,Nice,web,1,C0515,SKU020 : 5 x 8.00€,40.00,-12.56,27.44
2025-03-19,Paris,app,2,C0491,"SKU030 : 5 x 15.00€, SKU048 : 4 x 7.50€",105.00,-35.66,69.34
2025-03-19,Paris,web,2,C0546,"SKU007 : 4 x 8.00€, SKU048 : 1 x 19.90€",51.90,-20.84,31.06
2025-03-19,Toulouse,app,4,"C0488, C0793","SKU042 : 3 x 7.50€, SKU048 : 1 x 15.00€, SKU008 : 5 x 19.90€, SKU012 : 3 x 9.90€",166.70,-59.12,107.58
2025-03-20,Bordeaux,app,2,C0523,"SKU047 : 3 x 19.90€, SKU031 : 5 x 4.00€",79.70,-28.82,50.88
2025-03-20,Bordeaux,web,7,"C0095, C0477, C0492, C0722","SKU042 : 1 x 15.00€, SKU021 : 2 x 12.50€, SKU050 : 1 x 19.90€, SKU016 : 4 x 15.00€, SKU003 : 4 x 2.50€, SKU029 : 4 x 5.00€, SKU013 : 2 x 15.00€",179.90,-50.85,129.05
2025-03-20,Lille,app,6,"C0046, C0700","SKU027 : 1 x 8.00€, SKU027 : 1 x 8.00€, SKU014 : 5 x 2.50€, SKU032 : 5 x 4.00€, SKU004 : 3 x 9.90€, SKU046 : 1 x 7.50€",85.70,-62.23,23.47
2025-03-20,Lille,web,4,C0258,"SKU038 : 5 x 5.00€, SKU050 : 4 x 4.00€, SKU025 : 2 x 24.90€, SKU026 : 1 x 4.00€",94.80,-4.60,90.20
2025-03-20,Lyon,app,6,"C0125, C0263","SKU048 : 4 x 24.90€, SKU005 : 3 x 24.90€, SKU027 : 2 x 7.50€, SKU044 : 1 x 2.50€, SKU032 : 1 x 19.90€, SKU041 : 5 x 5.00€",236.70,-86.00,150.70
2025-03-20,Lyon,web,3,C0363,"SKU002 : 1 x 9.90€, SKU027 : 4 x 2.50€, SKU008 : 3 x 24.90€",94.60,-8.94,85.66
2025-03-20,Marseille,app,6,"C0634, C0692","SKU019 : 1 x 4.00€, SKU015 : 1 x 8.00€, SKU048 : 5 x 24.90€, SKU028 : 5 x 19.90€, SKU015 : 1 x 9.90€, SKU017 : 1 x 4.00€",249.90,-60.06,189.84
2025-03-20,Marseille,web,6,"C0273, C0337","SKU028 : 3 x 12.50€, SKU013 : 5 x 5.00€, SKU036 : 4 x 12.50€, SKU007 : 4 x 19.90€, SKU009 : 2 x 19.90€, SKU046 : 2 x 24.90€",281.70,-56.24,225.46
2025-03-20,Nantes,app,3,"C0047, C0246","SKU036 : 1 x 24.90€, SKU029 : 2 x 7.50€, SKU029 : 3 x 2.50€",47.40,-13.63,33.77
2025-03-20,Nice,app,5,"C0178, C0604","SKU047 : 2 x 4.00€, SKU009 : 1 x 15.00€, SKU021 : 4 x 8.00€, SKU036 : 2 x 12.50€, SKU024 : 2 x 2.50€",85.00,-86.02,-1.02
2025-03-20,Nice,web,4,"C0366, C0411","SKU004 : 4 x 4.00€, SKU001 : 3 x 2.50€, SKU045 : 3 x 4.00€, SKU022 : 5 x 8.00€",75.50,-46.76,28.74
2025-03-20,Paris,web,3,"C0076, C0207","SKU018 : 1 x 2.50€, SKU044 : 3 x 15.00€, SKU045 : 2 x 2.50€",52.50,-14.10,38.40
2025-03-20,Toulouse,web,4,C0304,"SKU049 : 2 x 9.90€, SKU037 : 4 x 8.00€, SKU009 : 5 x 9.90€, SKU035 : 2 x 19.90€",141.10,-32.28,108.82
2025-03-21,Bordeaux,app,4,C0237,"SKU047 : 3 x 9.90€, SKU009 : 2 x 8.00€, SKU017 : 5 x 9.90€, SKU038 : 1 x 5.00€",100.20,-38.76,61.44
2025-03-21,Bordeaux,web,7,"C0512, C0554","SKU034 : 2 x 24.90€, SKU025 : 2 x 7.50€, SKU003 : 4 x 7.50€, SKU020 : 2 x 5.00€, SKU020 : 2 x 5.00€, SKU025 : 2 x 24.90€, SKU025 : 2 x 24.90€",214.40,-81.30,133.10
2025-03-21,Lille,app,3,C0683,"SKU018 : 4 x 4.00€, SKU015 : 1 x 4.00€, SKU023 : 2 x 9.90€",39.80,-51.66,-11.86
2025-03-21,Lyon,app,15,"C0042, C0138, C0621","SKU006 : 5 x 19.90€, SKU038 : 3 x 9.90€, SKU011 : 4 x 8.00€, SKU007 : 1 x 2.50€, SKU029 : 1 x 8.00€, SKU007 : 1 x 2.50€, SKU029 : 1 x 8.00€, SKU039 : 2 x 24.90€, SKU013 : 2 x 4.00€, SKU013 : 2 x 4.00€, SKU014 : 5 x 2.50€, SKU014 : 5 x 2.50€, SKU049 : 3 x 4.00€, SKU049 : 3 x 4.00€, SKU039 : 2 x 24.90€",346.80,-227.83,118.97
2025-03-21,Lyon,web,8,"C0012, C0138, C0428, C0489","SKU008 : 4 x 4.00€, SKU007 : 3 x 2.50€, SKU010 : 4 x 4.00€, SKU020 : 3 x 8.00€, SKU050 : 4 x 9.90€, SKU015 : 2 x 5.00€, SKU007 : 2 x 19.90€, SKU032 : 1 x 24.90€",177.80,-92.81,84.99
2025-03-21,Nantes,app,2,C0759,"SKU015 : 2 x 15.00€, SKU017 : 4 x 8.00€",62.00,-28.64,33.36
2025-03-21,Nantes,web,2,C0438,"SKU024 : 1 x 5.00€, SKU029 : 4 x 15.00€",65.00,-38.18,26.82
2025-03-21,Nice,app,4,C0682,"SKU017 : 3 x 8.00€, SKU022 : 4 x 24.90€, SKU035 : 1 x 7.50€, SKU010 : 2 x 24.90€",180.90,-35.28,145.62
2025-03-21,Nice,web,8,"C0053, C0659","SKU034 : 1 x 24.90€, SKU006 : 4 x 9.90€, SKU047 : 1 x 15.00€, SKU048 : 5 x 15.00€, SKU032 : 4 x 19.90€, SKU045 : 1 x 15.00€, SKU046 : 3 x 19.90€, SKU024 : 5 x 4.00€",328.80,-69.16,259.64
2025-03-21,Paris,app,13,"C0086, C0440, C0494, C0744","SKU027 : 4 x 19.90€, SKU015 : 5 x 4.00€, SKU025 : 3 x 5.00€, SKU022 : 5 x 9.90€, SKU016 : 4 x 15.00€, SKU016 : 4 x 15.00€, SKU035 : 3 x 24.90€, SKU035 : 3 x 24.90€, SKU025 : 3 x 5.00€, SKU022 : 5 x 9.90€, SKU038 : 1 x 8.00€, SKU020 : 5 x 19.90€, SKU006 : 2 x 5.00€",615.50,-112.15,503.35
2025-03-21,Paris,web,13,"C0037, C0132, C0379, C0632","SKU006 : 4 x 4.00€, SKU048 : 1 x 15.00€, SKU005 : 2 x 8.00€, SKU006 : 2 x 4.00€, SKU049 : 4 x 15.00€, SKU025 : 2 x 12.50€, SKU003 : 3 x 15.00€, SKU029 : 1 x 8.00€, SKU044 : 4 x 12.50€, SKU031 : 2 x 9.90€, SKU044 : 1 x 5.00€, SKU039 : 4 x 15.00€, SKU005 : 2 x 7.50€",342.80,-150.49,192.31
2025-03-21,Toulouse,app,18,"C0038, C0454, C0578","SKU002 : 2 x 2.50€, SKU002 : 2 x 2.50€, SKU032 : 5 x 4.00€, SKU034 : 4 x 8.00€, SKU012 : 2 x 12.50€, SKU032 : 5 x 4.00€, SKU034 : 4 x 8.00€, SKU012 : 2 x 12.50€, SKU025 : 3 x 24.90€, SKU009 : 2 x 9.90€, SKU025 : 3 x 24.90€, SKU009 : 2 x 9.90€, SKU017 : 2 x 19.90€, SKU017 : 2 x 19.90€, SKU025 : 5 x 15.00€, SKU025 : 5 x 15.00€, SKU032 : 2 x 8.00€, SKU032 : 2 x 8.00€",614.60,-216.12,398.48
2025-03-21,Toulouse,web,10,"C0048, C0097, C0443","SKU046 : 5 x 5.00€, SKU041 : 2 x 8.00€, SKU007 : 3 x 4.00€, SKU031 : 1 x 9.90€, SKU012 : 4 x 2.50€, SKU037 : 4 x 19.90€, SKU031 : 4 x 8.00€, SKU030 : 5 x 8.00€, SKU008 : 5 x 15.00€, SKU019 : 4 x 12.50€",349.50,-74.59,274.91
2025-03-22,Bordeaux,app,3,"C0434, C0492","SKU023 : 1 x 8.00€, SKU045 : 1 x 4.00€, SKU031 : 4 x 2.50€",22.00,-52.91,-30.91
2025-03-22,Bordeaux,web,3,C0156,"SKU013 : 1 x 24.90€, SKU050 : 2 x 9.90€, SKU050 : 1 x 19.90€",64.60,-16.65,47.95
2025-03-22,Lille,app,7,"C0552, C0700","SKU044 : 2 x 15.00€, SKU033 : 1 x 24.90€, SKU021 : 1 x 7.50€, SKU014 : 5 x 15.00€, SKU042 : 1 x 2.50€, SKU007 : 5 x 4.00€, SKU021 : 2 x 12.50€",184.90,-58.22,126.68
2025-03-22,Lille,web,5,"C0006, C0656","SKU031 : 2 x 24.90€, SKU019 : 1 x 19.90€, SKU039 : 4 x 9.90€, SKU033 : 5 x 12.50€, SKU001 : 5 x 7.50€",209.30,-40.59,168.71
2025-03-22,Lyon,app,7,"C0496, C0590","SKU047 : 1 x 5.00€, SKU018 : 4 x 12.50€, SKU013 : 4 x 19.90€, SKU003 : 5 x 4.00€, SKU027 : 5 x 4.00€, SKU003 : 5 x 4.00€, SKU027 : 5 x 4.00€",214.60,-65.77,148.83
2025-03-22,Lyon,web,2,C0208,"SKU032 : 2 x 15.00€, SKU045 : 3 x 12.50€",67.50,-24.68,42.82
2025-03-22,Marseille,app,6,"C0141, C0703","SKU034 : 2 x 7.50€, SKU025 : 3 x 15.00€, SKU020 : 1 x 4.00€, SKU045 : 1 x 8.00€, SKU014 : 4 x 15.00€, SKU044 : 2 x 12.50€",157.00,-76.95,80.05
2025-03-22,Marseille,web,7,"C0299, C0712","SKU042 : 1 x 7.50€, SKU036 : 3 x 12.50€, SKU006 : 4 x 7.50€, SKU018 : 1 x 7.50€, SKU015 : 2 x 7.50€, SKU010 : 2 x 5.00€, SKU047 : 2 x 24.90€",157.30,-57.62,99.68
2025-03-22,Nantes,app,4,C0013,"SKU007 : 4 x 12.50€, SKU030 : 1 x 19.90€, SKU046 : 2 x 2.50€, SKU043 : 2 x 2.50€",79.90,-46.44,33.46
2025-03-22,Nantes,web,9,"C0461, C0553, C0636, C0684","SKU005 : 3 x 7.50€, SKU030 : 4 x 2.50€, SKU017 : 3 x 9.90€, SKU036 : 4 x 19.90€, SKU021 : 5 x 24.90€, SKU046 : 2 x 12.50€, SKU047 : 4 x 4.00€, SKU021 : 4 x 15.00€, SKU036 : 4 x 12.50€",417.30,-80.30,337.00
2025-03-22,Nice,app,6,"C0143, C0267","SKU028 : 4 x 15.00€, SKU045 : 5 x 12.50€, SKU034 : 1 x 7.50€, SKU015 : 4 x 8.00€, SKU014 : 4 x 2.50€, SKU004 : 4 x 15.00€",232.00,-27.36,204.64
2025-03-22,Paris,app,1,C0319,SKU034 : 4 x 8.00€,32.00,-12.95,19.05
2025-03-22,Paris,web,8,C0524,"SKU017 : 2 x 9.90€, SKU014 : 1 x 9.90€, SKU029 : 1 x 7.50€, SKU029 : 1 x 7.50€, SKU036 : 5 x 2.50€, SKU036 : 5 x 2.50€, SKU014 : 1 x 9.90€, SKU017 : 2 x 9.90€",99.40,-51.96,47.44
2025-03-22,Toulouse,app,7,"C0365, C0449","SKU026 : 1 x 12.50€, SKU022 : 3 x 19.90€, SKU043 : 3 x 4.00€, SKU004 : 1 x 9.90€, SKU019 : 5 x 24.90€, SKU027 : 2 x 7.50€, SKU046 : 5 x 15.00€",308.60,-111.70,196.90
2025-03-22,Toulouse,web,7,"C0286, C0588, C0668","SKU047 : 2 x 12.50€, SKU033 : 4 x 2.50€, SKU040 : 5 x 12.50€, SKU024 : 1 x 9.90€, SKU022 : 1 x 24.90€, SKU016 : 3 x 19.90€, SKU037 : 3 x 9.90€",221.70,-42.04,179.66
2025-03-23,Bordeaux,app,4,"C0156, C0352","SKU043 : 1 x 9.90€, SKU034 : 1 x 7.50€, SKU034 : 1 x 7.50€, SKU034 : 1 x 7.50€",32.40,-50.84,-18.44
2025-03-23,Bordeaux,web,9,"C0044, C0410, C0558","SKU048 : 2 x 12.50€, SKU012 : 1 x 5.00€, SKU008 : 2 x 7.50€, SKU008 : 5 x 7.50€, SKU033 : 2 x 15.00€, SKU037 : 1 x 8.00€, SKU033 : 5 x 7.50€, SKU017 : 5 x 15.00€, SKU024 : 2 x 2.50€",238.00,-94.39,143.61
2025-03-23,Lille,app,3,"C0272, C0420","SKU016 : 4 x 9.90€, SKU044 : 4 x 12.50€, SKU037 : 4 x 9.90€",129.20,-40.44,88.76
2025-03-23,Lille,web,6,"C0063, C0794","SKU008 : 3 x 15.00€, SKU010 : 2 x 4.00€, SKU044 : 3 x 19.90€, SKU048 : 2 x 15.00€, SKU041 : 3 x 2.50€, SKU032 : 3 x 12.50€",187.70,-75.42,112.28
2025-03-23,Lyon,app,1,C0326,SKU039 : 1 x 9.90€,9.90,-15.78,-5.88
2025-03-23,Marseille,app,16,"C0135, C0141, C0456, C0555, C0634","SKU037 : 5 x 15.00€, SKU046 : 5 x 2.50€, SKU050 : 3 x 19.90€, SKU037 : 1 x 8.00€, SKU019 : 5 x 9.90€, SKU026 : 5 x 15.00€, SKU003 : 3 x 24.90€, SKU041 : 2 x 8.00€, SKU024 : 5 x 7.50€, SKU041 : 3 x 24.90€, SKU001 : 1 x 9.90€, SKU049 : 3 x 24.90€, SKU009 : 1 x 9.90€, SKU043 : 5 x 12.50€, SKU020 : 2 x 19.90€, SKU043 : 2 x 9.90€",699.20,-171.91,527.29
2025-03-23,Marseille,web,4,C0341,"SKU017 : 1 x 5.00€, SKU031 : 4 x 15.00€, SKU037 : 3 x 24.90€, SKU027 : 4 x 5.00€",159.70,-49.88,109.82
2025-03-23,Nantes,app,1,C0210,SKU002 : 4 x 2.50€,10.00,-1.33,8.67
2025-03-23,Nantes,web,6,"C0145, C0150","SKU044 : 1 x 12.50€, SKU020 : 1 x 9.90€, SKU020 : 1 x 9.90€, SKU044 : 1 x 12.50€, SKU037 : 5 x 12.50€, SKU037 : 5 x 12.50€",169.80,-23.77,146.03
2025-03-23,Nice,app,14,"C0109, C0535, C0682, C0696","SKU008 : 2 x 2.50€, SKU008 : 2 x 2.50€, SKU018 : 5 x 2.50€, SKU018 : 5 x 2.50€, SKU043 : 1 x 19.90€, SKU046 : 4 x 7.50€, SKU046 : 4 x 7.50€, SKU043 : 1 x 19.90€, SKU013 : 3 x 9.90€, SKU027 : 5 x 2.50€, SKU015 : 1 x 12.50€, SKU045 : 2 x 2.50€, SKU016 : 1 x 4.00€, SKU047 : 5 x 8.00€",238.50,-126.91,111.59
2025-03-23,Nice,web,5,"C0334, C0400","SKU038 : 3 x 2.50€, SKU031 : 3 x 8.00€, SKU047 : 4 x 9.90€, SKU012 : 2 x 12.50€, SKU049 : 5 x 4.00€",116.10,-25.92,90.18
2025-03-23,Paris,app,8,"C0220, C0430, C0493","SKU037 : 2 x 5.00€, SKU006 : 5 x 4.00€, SKU005 : 3 x 24.90€, SKU043 : 2 x 5.00€, SKU048 : 4 x 9.90€, SKU024 : 4 x 2.50€, SKU009 : 5 x 7.50€, SKU019 : 4 x 15.00€",261.80,-108.61,153.19
2025-03-23,Paris,web,5,"C0045, C0344, C0632","SKU011 : 4 x 12.50€, SKU023 : 1 x 19.90€, SKU013 : 4 x 19.90€, SKU013 : 4 x 19.90€, SKU022 : 5 x 19.90€",328.60,-26.22,302.38
2025-03-23,Toulouse,web,16,"C0129, C0233, C0395, C0753","SKU050 : 2 x 19.90€, SKU020 : 2 x 24.90€, SKU020 : 2 x 24.90€, SKU050 : 2 x 19.90€, SKU049 : 5 x 2.50€, SKU049 : 5 x 2.50€, SKU039 : 3 x 7.50€, SKU039 : 3 x 7.50€, SKU015 : 4 x 5.00€, SKU003 : 3 x 4.00€, SKU004 : 1 x 8.00€, SKU002 : 2 x 15.00€, SKU013 : 2 x 4.00€, SKU045 : 5 x 24.90€, SKU037 : 3 x 7.50€, SKU009 : 5 x 2.50€",486.70,-96.73,389.97
2025-03-24,Bordeaux,app,5,"C0250, C0558","SKU047 : 2 x 12.50€, SKU031 : 3 x 19.90€, SKU049 : 3 x 15.00€, SKU042 : 3 x 4.00€, SKU023 : 1 x 8.00€",149.70,-75.16,74.54
2025-03-24,Bordeaux,web,4,"C0252, C0282","SKU032 : 2 x 12.50€, SKU018 : 1 x 7.50€, SKU043 : 4 x 8.00€, SKU030 : 4 x 19.90€",144.10,-44.85,99.25
2025-03-24,Lille,web,8,"C0149, C0387, C0723","SKU018 : 1 x 9.90€, SKU034 : 2 x 4.00€, SKU025 : 3 x 19.90€, SKU016 : 3 x 7.50€, SKU015 : 5 x 4.00€, SKU004 : 3 x 7.50€, SKU006 : 4 x 4.00€, SKU046 : 1 x 7.50€",166.10,-101.34,64.76
2025-03-24,Lyon,app,1,C0081,SKU010 : 1 x 2.50€,2.50,-3.47,-0.97
2025-03-24,Marseille,app,10,"C0341, C0470, C0784","SKU042 : 2 x 8.00€, SKU044 : 2 x 24.90€, SKU009 : 5 x 8.00€, SKU012 : 3 x 12.50€, SKU019 : 4 x 12.50€, SKU036 : 5 x 7.50€, SKU023 : 1 x 24.90€, SKU016 : 5 x 9.90€, SKU033 : 1 x 4.00€, SKU027 : 3 x 15.00€",354.20,-67.47,286.73
2025-03-24,Marseille,web,13,"C0102, C0673","SKU040 : 4 x 5.00€, SKU049 : 2 x 9.90€, SKU049 : 2 x 9.90€, SKU049 : 2 x 9.90€, SKU004 : 3 x 12.50€, SKU004 : 3 x 12.50€, SKU004 : 3 x 12.50€, SKU040 : 4 x 5.00€, SKU040 : 4 x 5.00€, SKU023 : 4 x 24.90€, SKU012 : 1 x 2.50€, SKU012 : 1 x 2.50€, SKU023 : 4 x 24.90€",436.10,-152.22,283.88
2025-03-24,Nantes,app,10,"C0235, C0483, C0510","SKU035 : 5 x 8.00€, SKU003 : 4 x 12.50€, SKU025 : 3 x 8.00€, SKU035 : 5 x 2.50€, SKU019 : 1 x 24.90€, SKU033 : 5 x 24.90€, SKU010 : 2 x 24.90€, SKU022 : 2 x 12.50€, SKU007 : 4 x 2.50€, SKU049 : 4 x 12.50€",410.70,-142.93,267.77
2025-03-24,Nice,app,7,"C0068, C0529","SKU029 : 5 x 19.90€, SKU028 : 1 x 9.90€, SKU004 : 5 x 24.90€, SKU034 : 3 x 4.00€, SKU047 : 1 x 19.90€, SKU029 : 2 x 5.00€, SKU026 : 3 x 7.50€",298.30,-53.37,244.93
2025-03-24,Nice,web,11,"C0334, C0499, C0647, C0787","SKU012 : 4 x 9.90€, SKU048 : 5 x 8.00€, SKU012 : 3 x 19.90€, SKU007 : 5 x 15.00€, SKU044 : 5 x 24.90€, SKU017 : 2 x 24.90€, SKU044 : 2 x 19.90€, SKU045 : 4 x 19.90€, SKU022 : 1 x 19.90€, SKU031 : 3 x 5.00€, SKU035 : 5 x 7.50€",580.40,-112.20,468.20
2025-03-24,Paris,app,7,"C0230, C0497","SKU021 : 1 x 7.50€, SKU042 : 5 x 8.00€, SKU042 : 5 x 8.00€, SKU046 : 3 x 7.50€, SKU021 : 1 x 7.50€, SKU046 : 3 x 7.50€, SKU030 : 2 x 9.90€",159.80,-24.59,135.21
2025-03-24,Paris,web,6,"C0195, C0577","SKU022 : 5 x 2.50€, SKU025 : 4 x 19.90€, SKU025 : 4 x 19.90€, SKU011 : 4 x 12.50€, SKU046 : 1 x 5.00€, SKU029 : 1 x 24.90€",251.60,-49.30,202.30
2025-03-24,Toulouse,app,9,"C0452, C0500, C0616","SKU001 : 4 x 8.00€, SKU001 : 4 x 8.00€, SKU029 : 5 x 9.90€, SKU029 : 5 x 9.90€, SKU012 : 4 x 24.90€, SKU038 : 1 x 9.90€, SKU002 : 3 x 9.90€, SKU005 : 5 x 8.00€, SKU030 : 3 x 5.00€",357.20,-112.36,244.84
2025-03-24,Toulouse,web,4,C0395,"SKU039 : 1 x 2.50€, SKU011 : 1 x 2.50€, SKU032 : 2 x 4.00€, SKU028 : 3 x 4.00€",25.00,-9.12,15.88
2025-03-25,Bordeaux,app,9,"C0285, C0679, C0745","SKU013 : 5 x 4.00€, SKU040 : 4 x 15.00€, SKU048 : 4 x 5.00€, SKU023 : 3 x 5.00€, SKU029 : 1 x 2.50€, SKU041 : 1 x 4.00€, SKU032 : 1 x 9.90€, SKU047 : 2 x 7.50€, SKU019 : 2 x 2.50€",151.40,-139.84,11.56
2025-03-25,Bordeaux,web,3,C0512,"SKU028 : 1 x 19.90€, SKU012 : 5 x 19.90€, SKU010 : 2 x 12.50€",144.40,-53.10,91.30
2025-03-25,Lille,app,8,"C0015, C0063","SKU020 : 1 x 24.90€, SKU042 : 5 x 4.00€, SKU032 : 4 x 19.90€, SKU029 : 2 x 7.50€, SKU038 : 3 x 24.90€, SKU038 : 3 x 24.90€, SKU032 : 4 x 19.90€, SKU029 : 2 x 7.50€",383.50,-108.43,275.07
2025-03-25,Lille,web,10,"C0296, C0670, C0704, C0797","SKU048 : 1 x 2.50€, SKU045 : 3 x 2.50€, SKU007 : 2 x 8.00€, SKU032 : 3 x 2.50€, SKU013 : 5 x 5.00€, SKU013 : 5 x 2.50€, SKU037 : 4 x 19.90€, SKU001 : 2 x 8.00€, SKU021 : 2 x 4.00€, SKU033 : 5 x 24.90€",299.10,-77.04,222.06
2025-03-25,Lyon,app,3,C0779,"SKU033 : 1 x 24.90€, SKU002 : 2 x 24.90€, SKU001 : 4 x 24.90€",174.30,-20.31,153.99
2025-03-25,Marseille,app,4,C0135,"SKU023 : 3 x 19.90€, SKU037 : 3 x 24.90€, SKU044 : 2 x 5.00€, SKU049 : 5 x 19.90€",243.90,-76.20,167.70
2025-03-25,Nantes,app,6,"C0455, C0533","SKU039 : 1 x 9.90€, SKU007 : 2 x 7.50€, SKU025 : 5 x 15.00€, SKU002 : 4 x 8.00€, SKU031 : 3 x 7.50€, SKU047 : 1 x 7.50€",161.90,-97.68,64.22
2025-03-25,Nantes,web,3,"C0181, C0622","SKU029 : 3 x 7.50€, SKU025 : 3 x 4.00€, SKU025 : 3 x 4.00€",46.50,-27.20,19.30
2025-03-25,Nice,app,1,C0626,SKU044 : 2 x 15.00€,30.00,-1.65,28.35
2025-03-25,Nice,web,1,C0529,SKU001 : 3 x 9.90€,29.70,-3.30,26.40
2025-03-25,Paris,web,1,C0487,SKU015 : 2 x 5.00€,10.00,-16.06,-6.06
2025-03-25,Toulouse,web,4,C0323,"SKU043 : 3 x 5.00€, SKU016 : 2 x 12.50€, SKU042 : 5 x 2.50€, SKU017 : 5 x 8.00€",92.50,-73.00,19.50
2025-03-26,Bordeaux,app,15,"C0032, C0147, C0237, C0352, C0710","SKU009 : 5 x 24.90€, SKU041 : 5 x 12.50€, SKU047 : 1 x 8.00€, SKU047 : 3 x 9.90€, SKU018 : 1 x 7.50€, SKU041 : 3 x 4.00€, SKU009 : 2 x 15.00€, SKU033 : 5 x 9.90€, SKU036 : 3 x 12.50€, SKU023 : 1 x 15.00€, SKU020 : 5 x 7.50€, SKU002 : 5 x 24.90€, SKU040 : 1 x 19.90€, SKU030 : 4 x 4.00€, SKU050 : 1 x 2.50€",576.60,-142.74,433.86
2025-03-26,Bordeaux,web,7,"C0333, C0710","SKU046 : 4 x 7.50€, SKU036 : 1 x 9.90€, SKU026 : 4 x 15.00€, SKU014 : 1 x 7.50€, SKU014 : 1 x 7.50€, SKU026 : 4 x 15.00€, SKU036 : 1 x 9.90€",184.80,-88.08,96.72
2025-03-26,Lille,web,1,C0575,SKU022 : 4 x 15.00€,60.00,-8.04,51.96
2025-03-26,Lyon,app,3,C0040,"SKU015 : 5 x 12.50€, SKU033 : 4 x 9.90€, SKU050 : 4 x 19.90€",181.70,-34.29,147.41
2025-03-26,Lyon,web,2,C0302,"SKU012 : 4 x 8.00€, SKU036 : 1 x 2.50€",34.50,-9.86,24.64
2025-03-26,Marseille,app,5,"C0070, C0467, C0470, C0662","SKU028 : 1 x 4.00€, SKU026 : 3 x 24.90€, SKU006 : 5 x 19.90€, SKU048 : 3 x 4.00€, SKU001 : 1 x 9.90€",200.10,-52.60,147.50
2025-03-26,Nantes,app,4,C0339,"SKU002 : 4 x 2.50€, SKU031 : 2 x 5.00€, SKU045 : 2 x 2.50€, SKU034 : 3 x 15.00€",70.00,-31.16,38.84
2025-03-26,Nantes,web,3,"C0244, C0759","SKU006 : 5 x 19.90€, SKU050 : 5 x 12.50€, SKU050 : 5 x 12.50€",224.50,-17.93,206.57
2025-03-26,Nice,web,2,C0647,"SKU031 : 2 x 2.50€, SKU045 : 3 x 12.50€",42.50,-27.76,14.74
2025-03-26,Paris,app,4,"C0344, C0487","SKU022 : 3 x 7.50€, SKU011 : 3 x 4.00€, SKU015 : 2 x 9.90€, SKU016 : 2 x 5.00€",64.30,-31.03,33.27
2025-03-26,Paris,web,1,C0645,SKU032 : 5 x 8.00€,40.00,-2.59,37.41
2025-03-26,Toulouse,app,2,C0395,"SKU008 : 5 x 9.90€, SKU008 : 5 x 9.90€",99.00,-25.08,73.92
2025-03-27,Bordeaux,app,3,C0183,"SKU031 : 3 x 8.00€, SKU039 : 2 x 12.50€, SKU041 : 5 x 12.50€",111.50,-7.68,103.82
2025-03-27,Lille,app,5,"C0006, C0218","SKU002 : 2 x 7.50€, SKU016 : 1 x 8.00€, SKU043 : 2 x 8.00€, SKU013 : 2 x 19.90€, SKU004 : 1 x 12.50€",91.30,-32.68,58.62
2025-03-27,Lille,web,13,"C0015, C0375, C0589, C0681","SKU001 : 5 x 15.00€, SKU021 : 5 x 2.50€, SKU007 : 3 x 12.50€, SKU009 : 4 x 2.50€, SKU009 : 4 x 2.50€, SKU016 : 1 x 15.00€, SKU016 : 1 x 15.00€, SKU021 : 5 x 2.50€, SKU007 : 3 x 12.50€, SKU033 : 3 x 7.50€, SKU035 : 4 x 7.50€, SKU004 : 1 x 4.00€, SKU044 : 3 x 7.50€",304.00,-82.98,221.02
2025-03-27,Lyon,app,6,"C0376, C0457, C0569","SKU035 : 2 x 4.00€, SKU023 : 2 x 19.90€, SKU035 : 1 x 9.90€, SKU021 : 3 x 5.00€, SKU018 : 2 x 7.50€, SKU038 : 1 x 12.50€",100.20,-81.41,18.79
2025-03-27,Lyon,web,4,C0590,"SKU020 : 2 x 12.50€, SKU044 : 4 x 2.50€, SKU028 : 2 x 12.50€, SKU026 : 3 x 12.50€",97.50,-9.12,88.38
2025-03-27,Marseille,app,3,"C0284, C0712","SKU003 : 3 x 2.50€, SKU035 : 5 x 8.00€, SKU050 : 5 x 4.00€",67.50,-39.99,27.51
2025-03-27,Marseille,web,3,C0337,"SKU041 : 2 x 9.90€, SKU013 : 2 x 12.50€, SKU002 : 3 x 4.00€",56.80,-18.33,38.47
2025-03-27,Nantes,app,1,C0108,SKU021 : 3 x 8.00€,24.00,-17.95,6.05
2025-03-27,Nice,app,2,C0659,"SKU042 : 3 x 19.90€, SKU023 : 1 x 9.90€",69.60,-37.68,31.92
2025-03-27,Nice,web,4,"C0361, C0653","SKU031 : 3 x 9.90€, SKU002 : 1 x 15.00€, SKU030 : 4 x 4.00€, SKU045 : 3 x 4.00€",72.70,-32.86,39.84
2025-03-27,Paris,app,1,C0607,SKU026 : 2 x 19.90€,39.80,-13.08,26.72
2025-03-27,Toulouse,app,1,C0275,SKU021 : 1 x 7.50€,7.50,-11.02,-3.52
2025-03-28,Bordeaux,app,4,C0250,"SKU037 : 2 x 2.50€, SKU034 : 1 x 4.00€, SKU030 : 2 x 24.90€, SKU039 : 3 x 5.00€",73.80,-6.08,67.72
2025-03-28,Bordeaux,web,5,"C0232, C0392","SKU013 : 4 x 2.50€, SKU033 : 4 x 4.00€, SKU033 : 1 x 24.90€, SKU013 : 1 x 4.00€, SKU004 : 1 x 2.50€",57.40,-81.14,-23.74
2025-03-28,Lyon,web,9,"C0151, C0186, C0602, C0642","SKU013 : 4 x 24.90€, SKU032 : 3 x 9.90€, SKU037 : 1 x 5.00€, SKU007 : 2 x 12.50€, SKU003 : 4 x 7.50€, SKU016 : 1 x 8.00€, SKU001 : 5 x 2.50€, SKU049 : 5 x 15.00€, SKU039 : 3 x 5.00€",299.80,-132.22,167.58
2025-03-28,Marseille,app,2,C0637,"SKU040 : 4 x 8.00€, SKU007 : 3 x 4.00€",44.00,-14.04,29.96
2025-03-28,Nantes,web,1,C0278,SKU012 : 1 x 19.90€,19.90,-3.53,16.37
2025-03-28,Nice,web,1,C0190,SKU013 : 5 x 5.00€,25.00,-11.14,13.86
2025-03-28,Paris,app,11,"C0404, C0607, C0651","SKU043 : 3 x 5.00€, SKU043 : 3 x 5.00€, SKU019 : 1 x 15.00€, SKU048 : 3 x 24.90€, SKU040 : 1 x 9.90€, SKU040 : 1 x 9.90€, SKU019 : 1 x 15.00€, SKU048 : 3 x 24.90€, SKU049 : 5 x 7.50€, SKU002 : 3 x 8.00€, SKU004 : 2 x 4.00€",298.70,-156.07,142.63
2025-03-28,Paris,web,8,"C0586, C0792","SKU007 : 1 x 4.00€, SKU010 : 2 x 24.90€, SKU025 : 5 x 4.00€, SKU042 : 3 x 2.50€, SKU003 : 5 x 2.50€, SKU047 : 3 x 2.50€, SKU013 : 4 x 8.00€, SKU024 : 2 x 12.50€",158.30,-133.04,25.26
2025-03-28,Toulouse,app,6,"C0097, C0193, C0443, C0563","SKU031 : 4 x 12.50€, SKU008 : 3 x 7.50€, SKU029 : 1 x 2.50€, SKU019 : 5 x 8.00€, SKU005 : 4 x 5.00€, SKU035 : 2 x 15.00€",165.00,-72.40,92.60
2025-03-28,Toulouse,web,4,C0743,"SKU023 : 5 x 24.90€, SKU036 : 3 x 19.90€, SKU021 : 2 x 24.90€, SKU020 : 1 x 4.00€",238.00,-54.72,183.28
2025-03-29,Bordeaux,app,4,C0518,"SKU010 : 3 x 19.90€, SKU016 : 4 x 7.50€, SKU016 : 4 x 7.50€, SKU010 : 3 x 19.90€",179.40,-36.06,143.34
2025-03-29,Bordeaux,web,3,C0448,"SKU032 : 4 x 12.50€, SKU029 : 2 x 12.50€, SKU017 : 4 x 7.50€",105.00,-27.54,77.46
2025-03-29,Lille,web,2,C0131,"SKU001 : 4 x 9.90€, SKU013 : 2 x 5.00€",49.60,-35.56,14.04
2025-03-29,Lyon,app,13,"C0091, C0326, C0363, C0594","SKU047 : 5 x 19.90€, SKU006 : 5 x 15.00€, SKU024 : 1 x 9.90€, SKU017 : 1 x 9.90€, SKU018 : 5 x 19.90€, SKU047 : 2 x 12.50€, SKU030 : 5 x 4.00€, SKU032 : 5 x 4.00€, SKU027 : 5 x 2.50€, SKU027 : 5 x 2.50€, SKU030 : 5 x 4.00€, SKU032 : 5 x 4.00€, SKU044 : 1 x 7.50€",431.30,-173.00,258.30
2025-03-29,Nantes,app,2,C0438,"SKU011 : 1 x 5.00€, SKU048 : 4 x 15.00€",65.00,-11.34,53.66
2025-03-29,Nantes,web,5,"C0465, C0482","SKU012 : 2 x 19.90€, SKU010 : 2 x 15.00€, SKU004 : 4 x 8.00€, SKU040 : 4 x 24.90€, SKU005 : 5 x 8.00€",241.40,-61.11,180.29
2025-03-29,Nice,app,4,C0180,"SKU036 : 1 x 12.50€, SKU020 : 1 x 4.00€, SKU029 : 3 x 8.00€, SKU045 : 2 x 8.00€",56.50,-18.32,38.18
2025-03-29,Paris,app,4,"C0202, C0484","SKU002 : 5 x 8.00€, SKU022 : 2 x 15.00€, SKU018 : 1 x 12.50€, SKU037 : 4 x 8.00€",114.50,-38.73,75.77
2025-03-29,Paris,web,9,"C0116, C0493, C0645","SKU023 : 5 x 19.90€, SKU038 : 4 x 12.50€, SKU026 : 5 x 9.90€, SKU034 : 1 x 8.00€, SKU016 : 1 x 12.50€, SKU036 : 2 x 7.50€, SKU003 : 4 x 12.50€, SKU024 : 4 x 4.00€, SKU024 : 4 x 4.00€",316.50,-136.61,179.89
2025-03-29,Toulouse,app,1,C0431,SKU030 : 3 x 19.90€,59.70,-14.05,45.65
2025-03-30,Bordeaux,app,4,"C0162, C0421","SKU017 : 2 x 15.00€, SKU017 : 4 x 4.00€, SKU006 : 1 x 8.00€, SKU013 : 5 x 7.50€",91.50,-75.15,16.35
2025-03-30,Bordeaux,web,9,"C0049, C0392, C0710","SKU001 : 1 x 8.00€, SKU036 : 2 x 5.00€, SKU048 : 3 x 9.90€, SKU040 : 4 x 15.00€, SKU018 : 4 x 8.00€, SKU025 : 5 x 24.90€, SKU046 : 1 x 4.00€, SKU039 : 4 x 7.50€, SKU005 : 1 x 9.90€",308.10,-135.18,172.92
2025-03-30,Lille,app,3,C0020,"SKU001 : 1 x 19.90€, SKU029 : 2 x 9.90€, SKU037 : 2 x 5.00€",49.70,-31.89,17.81
2025-03-30,Lille,web,14,"C0041, C0258, C0562, C0765, C0786","SKU027 : 3 x 5.00€, SKU027 : 1 x 7.50€, SKU039 : 1 x 24.90€, SKU021 : 5 x 19.90€, SKU022 : 4 x 19.90€, SKU020 : 3 x 2.50€, SKU044 : 3 x 5.00€, SKU031 : 2 x 9.90€, SKU012 : 5 x 12.50€, SKU041 : 5 x 5.00€, SKU034 : 4 x 4.00€, SKU046 : 3 x 12.50€, SKU046 : 3 x 12.50€, SKU046 : 3 x 12.50€",484.80,-112.83,371.97
2025-03-30,Lyon,app,7,"C0303, C0376","SKU011 : 4 x 15.00€, SKU011 : 4 x 15.00€, SKU011 : 4 x 15.00€, SKU014 : 3 x 2.50€, SKU030 : 5 x 12.50€, SKU030 : 5 x 12.50€, SKU014 : 3 x 2.50€",320.00,-64.09,255.91
2025-03-30,Lyon,web,7,"C0042, C0542, C0567","SKU041 : 2 x 12.50€, SKU047 : 3 x 15.00€, SKU050 : 2 x 12.50€, SKU049 : 1 x 24.90€, SKU013 : 4 x 19.90€, SKU016 : 5 x 5.00€, SKU025 : 1 x 2.50€",227.00,-97.38,129.62
2025-03-30,Marseille,app,20,"C0059, C0315, C0456, C0540, C0551, C0584, C0764","SKU019 : 3 x 2.50€, SKU029 : 3 x 24.90€, SKU016 : 4 x 19.90€, SKU008 : 2 x 8.00€, SKU008 : 2 x 8.00€, SKU016 : 4 x 19.90€, SKU026 : 1 x 24.90€, SKU033 : 1 x 15.00€, SKU045 : 4 x 2.50€, SKU025 : 3 x 9.90€, SKU042 : 3 x 4.00€, SKU040 : 1 x 8.00€, SKU010 : 5 x 9.90€, SKU010 : 5 x 9.90€, SKU049 : 5 x 8.00€, SKU028 : 3 x 8.00€, SKU028 : 2 x 5.00€, SKU019 : 4 x 7.50€, SKU031 : 4 x 15.00€, SKU006 : 5 x 2.50€",648.50,-246.76,401.74
2025-03-30,Marseille,web,4,C0299,"SKU001 : 2 x 7.50€, SKU001 : 2 x 7.50€, SKU023 : 1 x 7.50€, SKU023 : 1 x 7.50€",45.00,-16.76,28.24
2025-03-30,Nantes,app,2,C0241,"SKU034 : 5 x 2.50€, SKU038 : 4 x 5.00€",32.50,-36.56,-4.06
2025-03-30,Nantes,web,5,C0635,"SKU005 : 1 x 9.90€, SKU015 : 1 x 2.50€, SKU005 : 1 x 9.90€, SKU033 : 1 x 9.90€, SKU015 : 1 x 2.50€",34.70,-43.37,-8.67
2025-03-30,Nice,app,5,"C0221, C0280","SKU024 : 3 x 7.50€, SKU008 : 2 x 24.90€, SKU024 : 1 x 9.90€, SKU035 : 2 x 19.90€, SKU048 : 5 x 24.90€",246.50,-15.46,231.04
2025-03-30,Toulouse,app,19,"C0096, C0112, C0619, C0654","SKU039 : 3 x 5.00€, SKU031 : 2 x 8.00€, SKU039 : 3 x 5.00€, SKU031 : 2 x 8.00€, SKU029 : 4 x 19.90€, SKU021 : 5 x 7.50€, SKU038 : 4 x 7.50€, SKU031 : 3 x 5.00€, SKU031 : 3 x 4.00€, SKU002 : 2 x 12.50€, SKU045 : 1 x 4.00€, SKU035 : 5 x 9.90€, SKU035 : 5 x 9.90€, SKU047 : 4 x 4.00€, SKU034 : 3 x 24.90€, SKU034 : 3 x 24.90€, SKU042 : 3 x 2.50€, SKU042 : 3 x 2.50€, SKU047 : 4 x 4.00€",560.50,-164.17,396.33
2025-03-30,Toulouse,web,11,"C0304, C0641","SKU026 : 3 x 2.50€, SKU037 : 5 x 5.00€, SKU008 : 2 x 12.50€, SKU026 : 5 x 12.50€, SKU007 : 5 x 12.50€, SKU032 : 1 x 2.50€, SKU032 : 1 x 2.50€, SKU019 : 2 x 7.50€, SKU019 : 2 x 7.50€, SKU007 : 5 x 12.50€, SKU026 : 5 x 12.50€",342.50,-71.61,270.89
2025-03-31,Bordeaux,web,4,C0424,"SKU034 : 5 x 2.50€, SKU048 : 1 x 12.50€, SKU026 : 3 x 9.90€, SKU038 : 4 x 8.00€",86.70,-43.08,43.62
2025-03-31,Lille,web,6,"C0006, C0154","SKU024 : 3 x 2.50€, SKU035 : 3 x 7.50€, SKU013 : 3 x 24.90€, SKU019 : 3 x 7.50€, SKU034 : 2 x 8.00€, SKU028 : 1 x 15.00€",158.20,-67.54,90.66
2025-03-31,Lyon,web,5,"C0091, C0302","SKU005 : 4 x 4.00€, SKU001 : 4 x 4.00€, SKU015 : 1 x 2.50€, SKU021 : 1 x 24.90€, SKU011 : 1 x 9.90€",69.30,-74.00,-4.70
2025-03-31,Marseille,web,7,"C0398, C0555","SKU003 : 4 x 24.90€, SKU049 : 2 x 9.90€, SKU016 : 3 x 7.50€, SKU030 : 3 x 4.00€, SKU034 : 2 x 2.50€, SKU036 : 3 x 5.00€, SKU002 : 5 x 5.00€",198.90,-27.36,171.54
2025-03-31,Nantes,app,14,"C0211, C0228, C0276, C0297, C0505","SKU006 : 3 x 9.90€, SKU013 : 4 x 7.50€, SKU015 : 5 x 2.50€, SKU039 : 2 x 4.00€, SKU007 : 2 x 5.00€, SKU018 : 2 x 24.90€, SKU003 : 1 x 2.50€, SKU003 : 1 x 2.50€, SKU018 : 2 x 24.90€, SKU002 : 5 x 4.00€, SKU024 : 1 x 9.90€, SKU016 : 1 x 9.90€, SKU038 : 4 x 2.50€, SKU038 : 2 x 7.50€",259.60,-165.41,94.19
2025-03-31,Nantes,web,13,"C0278, C0332, C0674, C0709","SKU037 : 3 x 24.90€, SKU019 : 1 x 7.50€, SKU037 : 5 x 5.00€, SKU049 : 3 x 9.90€, SKU038 : 3 x 7.50€, SKU027 : 5 x 19.90€, SKU013 : 3 x 2.50€, SKU006 : 5 x 5.00€, SKU032 : 4 x 9.90€, SKU032 : 4 x 9.90€, SKU035 : 2 x 9.90€, SKU035 : 2 x 9.90€, SKU006 : 5 x 5.00€",435.20,-224.37,210.83
2025-03-31,Nice,app,11,"C0033, C0104, C0411, C0596","SKU033 : 2 x 2.50€, SKU041 : 2 x 8.00€, SKU040 : 1 x 12.50€, SKU040 : 1 x 12.50€, SKU014 : 2 x 7.50€, SKU014 : 2 x 7.50€, SKU041 : 2 x 8.00€, SKU033 : 2 x 2.50€, SKU020 : 5 x 2.50€, SKU002 : 5 x 12.50€, SKU024 : 3 x 24.90€",246.70,-95.68,151.02
2025-03-31,Nice,web,5,"C0280, C0329","SKU013 : 2 x 9.90€, SKU007 : 4 x 24.90€, SKU022 : 1 x 12.50€, SKU044 : 3 x 9.90€, SKU038 : 1 x 7.50€",169.10,-67.06,102.04
2025-03-31,Paris,app,1,C0185,SKU012 : 2 x 5.00€,10.00,-17.96,-7.96
2025-03-31,Paris,web,7,"C0116, C0227, C0471","SKU006 : 2 x 15.00€, SKU002 : 5 x 7.50€, SKU039 : 2 x 2.50€, SKU022 : 3 x 2.50€, SKU035 : 5 x 4.00€, SKU039 : 5 x 12.50€, SKU034 : 5 x 7.50€",200.00,-50.37,149.63
2025-03-31,Toulouse,app,2,C0563,"SKU021 : 2 x 7.50€, SKU042 : 2 x 4.00€",23.00,-10.04,12.96